OID,Name,NCI Codelist Code,Data Type,Order,Term,NCI Term Code,Decoded Value,Comment,IsNonStandard,StandardOID,Term Date Published,Term Status,Term Ext Code ID,Term Submission Value,Term Synonym,Term Definition,Term Preferred Term,CL Extensible,CL Date Published,CL Status,CL Ext Code ID,CL Submission Value,CL Synonym,CL Definition,CL Preferred Term
CL_NY_GSKC66742VD1,No Yes Response,C66742,text,1,N,,,,,STD.CT.SDTM.20240329,2024-09-29,Draft,C49487,N,No,The non-affirmative response to a question. (NCI),No,No,2025-04-02,Draft,C66742,No Yes Response,No Yes Response,"A term that is used to indicate a question with permissible values of
                        yes/no/unknown/not applicable.
                    ",CDISC SDTM Yes No Unknown or Not Applicable Response Terminology
CL_NY_GSKC66742VD1,No Yes Response,C66742,text,4,Y,,,,,STD.CT.SDTM.20240329,2024-09-29,Draft,C49488,Y,Yes,The affirmative response to a question. (NCI),Yes,No,2025-04-02,Draft,C66742,No Yes Response,No Yes Response,"A term that is used to indicate a question with permissible values of
                        yes/no/unknown/not applicable.
                    ",CDISC SDTM Yes No Unknown or Not Applicable Response Terminology
CL_SEX_GSKC66731VD1,Sex,C66731,text,4,UNDIFFERENTIATED,,,,,STD.CT.SDTM.20240329,2024-09-29,Draft,C45908,UNDIFFERENTIATED,,"A person (one of unisexual specimens) who is born with genitalia and/or
                            secondary sexual characteristics of indeterminate sex, or which combine features of both
                            sexes. (NCI)
                        ",Intersex,No,2025-04-02,Draft,C66731,Sex,Sex,"The assemblage of physical properties or qualities by which male is distinguished
                        from female; the physical difference between male and female; the distinguishing peculiarity of
                        male or female. (NCI)
                    ",NULL
CL_SEX_GSKC66731VD1,Sex,C66731,text,1,F,,,,,STD.CT.SDTM.20240329,2024-09-29,Draft,C16576,F,Female,"A person who belongs to the sex that normally produces ova. The term is used to
                            indicate biological sex distinctions, or cultural gender role distinctions, or both. (NCI)
                        ",Female,No,2025-04-02,Draft,C66731,Sex,Sex,"The assemblage of physical properties or qualities by which male is distinguished
                        from female; the physical difference between male and female; the distinguishing peculiarity of
                        male or female. (NCI)
                    ",NULL
CL_SEX_GSKC66731VD1,Sex,C66731,text,3,U,,,,,STD.CT.SDTM.20240329,2024-09-29,Draft,C17998,U,U; UNK; Unknown,"Not known, not observed, not recorded, or refused. (NCI)",Unknown,No,2025-04-02,Draft,C66731,Sex,Sex,"The assemblage of physical properties or qualities by which male is distinguished
                        from female; the physical difference between male and female; the distinguishing peculiarity of
                        male or female. (NCI)
                    ",NULL
CL_SEX_GSKC66731VD1,Sex,C66731,text,2,M,,,,,STD.CT.SDTM.20240329,2024-09-29,Draft,C20197,M,Male,"A person who belongs to the sex that normally produces sperm. The term is used
                            to indicate biological sex distinctions, cultural gender role distinctions, or both. (NCI)
                        ",Male,No,2025-04-02,Draft,C66731,Sex,Sex,"The assemblage of physical properties or qualities by which male is distinguished
                        from female; the physical difference between male and female; the distinguishing peculiarity of
                        male or female. (NCI)
                    ",NULL
CL_ARACE_S404005VD1,Analysis Race,S404005,text,,AMERICAN INDIAN OR ALASKA NATIVE,,,,,STD.CT.SDTM.20240329,2024-09-29,Draft,C41259,AMERICAN INDIAN OR ALASKA NATIVE,,"A person having origins in any of the original peoples of North and South
                            America (including Central America), and who maintains tribal affiliation or community
                            attachment. (FDA)
                        ",American Indian or Alaska Native,No,2025-04-27,Draft,S404005,,,,
CL_ARACE_S404005VD1,Analysis Race,S404005,text,,ASIAN - CENTRAL/SOUTH ASIAN HERITAGE,,,,,STD.CT.SDTM.20240329,2025-04-27,Draft,S303008,ASIAN - CENTRAL/SOUTH ASIAN HERITAGE,,,,No,2025-04-27,Draft,S404005,,,,
CL_ARACE_S404005VD1,Analysis Race,S404005,text,,ASIAN - CHINESE HERITAGE,,,,,STD.CT.SDTM.20240329,2025-04-27,Draft,S303009,ASIAN - CHINESE HERITAGE,,,,No,2025-04-27,Draft,S404005,,,,
CL_ARACE_S404005VD1,Analysis Race,S404005,text,,ASIAN - JAPANESE HERITAGE,,,,,STD.CT.SDTM.20240329,2025-04-27,Draft,S3030011,ASIAN - JAPANESE HERITAGE,,,,No,2025-04-27,Draft,S404005,,,,
CL_ARACE_S404005VD1,Analysis Race,S404005,text,,ASIAN - KOREAN HERITAGE,,,,,STD.CT.SDTM.20240329,2025-04-27,Draft,S3030010,ASIAN - KOREAN HERITAGE,,,,No,2025-04-27,Draft,S404005,,,,
CL_ARACE_S404005VD1,Analysis Race,S404005,text,,ASIAN - MULTIPLE HERITAGE CATEGORIES,,,,,STD.CT.SDTM.20240329,2025-04-27,Draft,S30300290,ASIAN - MULTIPLE HERITAGE CATEGORIES,,,,No,2025-04-27,Draft,S404005,,,,
CL_ARACE_S404005VD1,Analysis Race,S404005,text,,ASIAN - NOT REPORTED/OTHER,,,,,STD.CT.SDTM.20240329,2025-04-27,Draft,S30300291,ASIAN - NOT REPORTED/OTHER,,,,No,2025-04-27,Draft,S404005,,,,
CL_ARACE_S404005VD1,Analysis Race,S404005,text,,ASIAN - SOUTH EAST ASIAN HERITAGE,,,,,STD.CT.SDTM.20240329,2025-04-27,Draft,S3030012,ASIAN - SOUTH EAST ASIAN HERITAGE,,,,No,2025-04-27,Draft,S404005,,,,
CL_ARACE_S404005VD1,Analysis Race,S404005,text,,BLACK OR AFRICAN AMERICAN,,,,,STD.CT.SDTM.20240329,2024-09-29,Draft,C16352,BLACK OR AFRICAN AMERICAN,,"A person having origins in any of the black racial groups of Africa. Terms such
                            as ""Haitian"" or ""Negro"" can be used in addition to ""Black or African American."" (FDA)
                        ",Black or African American,No,2025-04-27,Draft,S404005,,,,
CL_ARACE_S404005VD1,Analysis Race,S404005,text,,MULTIPLE ASIAN HERITAGE CATEGORIES,,,,,STD.CT.SDTM.20240329,2025-04-27,Draft,S3030015,MULTIPLE ASIAN HERITAGE CATEGORIES,,,,No,2025-04-27,Draft,S404005,,,,
CL_ARACE_S404005VD1,Analysis Race,S404005,text,,MULTIPLE RACE CATEGORIES,,,,,STD.CT.SDTM.20240329,2025-04-27,Draft,S3030017,MULTIPLE RACE CATEGORIES,,,,No,2025-04-27,Draft,S404005,,,,
CL_ARACE_S404005VD1,Analysis Race,S404005,text,,MULTIPLE WHITE HERITAGE CATEGORIES,,,,,STD.CT.SDTM.20240329,2025-04-27,Draft,S3030016,MULTIPLE WHITE HERITAGE CATEGORIES,,,,No,2025-04-27,Draft,S404005,,,,
CL_ARACE_S404005VD1,Analysis Race,S404005,text,,NATIVE HAWAIIAN OR OTHER PACIFIC ISLANDER,,,,,STD.CT.SDTM.20240329,2024-09-29,Draft,C41219,NATIVE HAWAIIAN OR OTHER PACIFIC ISLANDER,,"Denotes a person having origins in any of the original peoples of Hawaii, Guam,
                            Samoa, or other Pacific Islands. The term covers particularly people who identify themselves
                            as part-Hawaiian, Native Hawaiian, Guamanian or Chamorro, Carolinian, Samoan, Chuu. (FDA)
                        ",Native Hawaiian or Other Pacific Islander,No,2025-04-27,Draft,S404005,,,,
CL_ARACE_S404005VD1,Analysis Race,S404005,text,,NOT REPORTED,,,,,STD.CT.SDTM.20240329,2024-09-29,Draft,C43234,NOT REPORTED,Not reported,Not provided or available.,Not Reported,No,2025-04-27,Draft,S404005,,,,
CL_ARACE_S404005VD1,Analysis Race,S404005,text,,UNKNOWN,,,,,STD.CT.SDTM.20240329,2024-09-29,Draft,C17998,UNKNOWN,U; UNK; Unknown,"Not known, not observed, not recorded, or refused. (NCI)",Unknown,No,2025-04-27,Draft,S404005,,,,
CL_ARACE_S404005VD1,Analysis Race,S404005,text,,WHITE - ARABIC/NORTH AFRICAN HERITAGE,,,,,STD.CT.SDTM.20240329,2025-04-27,Draft,S3030013,WHITE - ARABIC/NORTH AFRICAN HERITAGE,,,,No,2025-04-27,Draft,S404005,,,,
CL_ARACE_S404005VD1,Analysis Race,S404005,text,,WHITE - MULTIPLE HERITAGE CATEGORIES,,,,,STD.CT.SDTM.20240329,2025-04-27,Draft,S30300292,WHITE - MULTIPLE HERITAGE CATEGORIES,,,,No,2025-04-27,Draft,S404005,,,,
CL_ARACE_S404005VD1,Analysis Race,S404005,text,,WHITE - NOT REPORTED/OTHER,,,,,STD.CT.SDTM.20240329,2025-04-27,Draft,S30300293,WHITE - NOT REPORTED/OTHER,,,,No,2025-04-27,Draft,S404005,,,,
CL_ARACE_S404005VD1,Analysis Race,S404005,text,,WHITE - WHITE/CAUSASIAN/EUROPEAN HERITAGE,,,,,STD.CT.SDTM.20240329,2025-04-27,Draft,S3030014,WHITE - WHITE/CAUSASIAN/EUROPEAN HERITAGE,,,,No,2025-04-27,Draft,S404005,,,,
CL_ACOUNTRY_S404008VD1,Analysis Country,S404008,text,,Afghanistan,,,,,STD.CT.SDTM.20240329,2025-04-27,Draft,S3030034,Afghanistan,,,,Yes,2025-04-27,Draft,S404008,,,,
CL_ACOUNTRY_S404008VD1,Analysis Country,S404008,text,,Aland Islands,,,,,STD.CT.SDTM.20240329,2025-04-27,Draft,S3030037,Aland Islands,,,,Yes,2025-04-27,Draft,S404008,,,,
CL_ACOUNTRY_S404008VD1,Analysis Country,S404008,text,,Albania,,,,,STD.CT.SDTM.20240329,2025-04-27,Draft,S3030038,Albania,,,,Yes,2025-04-27,Draft,S404008,,,,
CL_ACOUNTRY_S404008VD1,Analysis Country,S404008,text,,Algeria,,,,,STD.CT.SDTM.20240329,2025-04-27,Draft,S3030097,Algeria,,,,Yes,2025-04-27,Draft,S404008,,,,
CL_ACOUNTRY_S404008VD1,Analysis Country,S404008,text,,American Samoa,,,,,STD.CT.SDTM.20240329,2025-04-27,Draft,S3030043,American Samoa,,,,Yes,2025-04-27,Draft,S404008,,,,
CL_ACOUNTRY_S404008VD1,Analysis Country,S404008,text,,Andorra,,,,,STD.CT.SDTM.20240329,2025-04-27,Draft,S3030039,Andorra,,,,Yes,2025-04-27,Draft,S404008,,,,
CL_ACOUNTRY_S404008VD1,Analysis Country,S404008,text,,Angola,,,,,STD.CT.SDTM.20240329,2025-04-27,Draft,S3030035,Angola,,,,Yes,2025-04-27,Draft,S404008,,,,
CL_ACOUNTRY_S404008VD1,Analysis Country,S404008,text,,Anguilla,,,,,STD.CT.SDTM.20240329,2025-04-27,Draft,S3030036,Anguilla,,,,Yes,2025-04-27,Draft,S404008,,,,
CL_ACOUNTRY_S404008VD1,Analysis Country,S404008,text,,Antarctica,,,,,STD.CT.SDTM.20240329,2025-04-27,Draft,S3030044,Antarctica,,,,Yes,2025-04-27,Draft,S404008,,,,
CL_ACOUNTRY_S404008VD1,Analysis Country,S404008,text,,Antigua and Barbuda,,,,,STD.CT.SDTM.20240329,2025-04-27,Draft,S3030046,Antigua and Barbuda,,,,Yes,2025-04-27,Draft,S404008,,,,
CL_ACOUNTRY_S404008VD1,Analysis Country,S404008,text,,Argentina,,,,,STD.CT.SDTM.20240329,2025-04-27,Draft,S3030041,Argentina,,,,Yes,2025-04-27,Draft,S404008,,,,
CL_ACOUNTRY_S404008VD1,Analysis Country,S404008,text,,Armenia,,,,,STD.CT.SDTM.20240329,2025-04-27,Draft,S3030042,Armenia,,,,Yes,2025-04-27,Draft,S404008,,,,
CL_ACOUNTRY_S404008VD1,Analysis Country,S404008,text,,Aruba,,,,,STD.CT.SDTM.20240329,2025-04-27,Draft,S3030033,Aruba,,,,Yes,2025-04-27,Draft,S404008,,,,
CL_ACOUNTRY_S404008VD1,Analysis Country,S404008,text,,Australia,,,,,STD.CT.SDTM.20240329,2025-04-27,Draft,S3030047,Australia,,,,Yes,2025-04-27,Draft,S404008,,,,
CL_ACOUNTRY_S404008VD1,Analysis Country,S404008,text,,Austria,,,,,STD.CT.SDTM.20240329,2025-04-27,Draft,S3030048,Austria,,,,Yes,2025-04-27,Draft,S404008,,,,
CL_ACOUNTRY_S404008VD1,Analysis Country,S404008,text,,Azerbaijan,,,,,STD.CT.SDTM.20240329,2025-04-27,Draft,S3030049,Azerbaijan,,,,Yes,2025-04-27,Draft,S404008,,,,
CL_ACOUNTRY_S404008VD1,Analysis Country,S404008,text,,Bahamas,,,,,STD.CT.SDTM.20240329,2025-04-27,Draft,S3030058,Bahamas,,,,Yes,2025-04-27,Draft,S404008,,,,
CL_ACOUNTRY_S404008VD1,Analysis Country,S404008,text,,Bahrain,,,,,STD.CT.SDTM.20240329,2025-04-27,Draft,S3030057,Bahrain,,,,Yes,2025-04-27,Draft,S404008,,,,
CL_ACOUNTRY_S404008VD1,Analysis Country,S404008,text,,Bangladesh,,,,,STD.CT.SDTM.20240329,2025-04-27,Draft,S3030055,Bangladesh,,,,Yes,2025-04-27,Draft,S404008,,,,
CL_ACOUNTRY_S404008VD1,Analysis Country,S404008,text,,Barbados,,,,,STD.CT.SDTM.20240329,2025-04-27,Draft,S3030066,Barbados,,,,Yes,2025-04-27,Draft,S404008,,,,
CL_ACOUNTRY_S404008VD1,Analysis Country,S404008,text,,Belarus,,,,,STD.CT.SDTM.20240329,2025-04-27,Draft,S3030061,Belarus,,,,Yes,2025-04-27,Draft,S404008,,,,
CL_ACOUNTRY_S404008VD1,Analysis Country,S404008,text,,Belgium,,,,,STD.CT.SDTM.20240329,2025-04-27,Draft,S3030051,Belgium,,,,Yes,2025-04-27,Draft,S404008,,,,
CL_ACOUNTRY_S404008VD1,Analysis Country,S404008,text,,Belize,,,,,STD.CT.SDTM.20240329,2025-04-27,Draft,S3030062,Belize,,,,Yes,2025-04-27,Draft,S404008,,,,
CL_ACOUNTRY_S404008VD1,Analysis Country,S404008,text,,Benin; Benin Republic,,,,,STD.CT.SDTM.20240329,2025-04-27,Draft,S3030052,Benin; Benin Republic,,,,Yes,2025-04-27,Draft,S404008,,,,
CL_ACOUNTRY_S404008VD1,Analysis Country,S404008,text,,Bermuda,,,,,STD.CT.SDTM.20240329,2025-04-27,Draft,S3030063,Bermuda,,,,Yes,2025-04-27,Draft,S404008,,,,
CL_ACOUNTRY_S404008VD1,Analysis Country,S404008,text,,Bhutan,,,,,STD.CT.SDTM.20240329,2025-04-27,Draft,S3030068,Bhutan,,,,Yes,2025-04-27,Draft,S404008,,,,
CL_ACOUNTRY_S404008VD1,Analysis Country,S404008,text,,"Bolivia; Bolivia, Plurinational State of",,,,,STD.CT.SDTM.20240329,2025-04-27,Draft,S3030064,"Bolivia; Bolivia, Plurinational State of",,,,Yes,2025-04-27,Draft,S404008,,,,
CL_ACOUNTRY_S404008VD1,Analysis Country,S404008,text,,"Bonaire, Sint Eustatius and Saba",,,,,STD.CT.SDTM.20240329,2025-04-27,Draft,S3030053,"Bonaire, Sint Eustatius and Saba",,,,Yes,2025-04-27,Draft,S404008,,,,
CL_ACOUNTRY_S404008VD1,Analysis Country,S404008,text,,Bosnia and Herzegovina; Bosnia-Herzegovina,,,,,STD.CT.SDTM.20240329,2025-04-27,Draft,S3030059,Bosnia and Herzegovina; Bosnia-Herzegovina,,,,Yes,2025-04-27,Draft,S404008,,,,
CL_ACOUNTRY_S404008VD1,Analysis Country,S404008,text,,Botswana,,,,,STD.CT.SDTM.20240329,2025-04-27,Draft,S3030070,Botswana,,,,Yes,2025-04-27,Draft,S404008,,,,
CL_ACOUNTRY_S404008VD1,Analysis Country,S404008,text,,Bouvet Island,,,,,STD.CT.SDTM.20240329,2025-04-27,Draft,S3030069,Bouvet Island,,,,Yes,2025-04-27,Draft,S404008,,,,
CL_ACOUNTRY_S404008VD1,Analysis Country,S404008,text,,Brazil,,,,,STD.CT.SDTM.20240329,2025-04-27,Draft,S3030065,Brazil,,,,Yes,2025-04-27,Draft,S404008,,,,
CL_ACOUNTRY_S404008VD1,Analysis Country,S404008,text,,British Indian Ocean Territory,,,,,STD.CT.SDTM.20240329,2025-04-27,Draft,S30300138,British Indian Ocean Territory,,,,Yes,2025-04-27,Draft,S404008,,,,
CL_ACOUNTRY_S404008VD1,Analysis Country,S404008,text,,Brunei; Brunei Darussalam,,,,,STD.CT.SDTM.20240329,2025-04-27,Draft,S3030067,Brunei; Brunei Darussalam,,,,Yes,2025-04-27,Draft,S404008,,,,
CL_ACOUNTRY_S404008VD1,Analysis Country,S404008,text,,Bulgaria,,,,,STD.CT.SDTM.20240329,2025-04-27,Draft,S3030056,Bulgaria,,,,Yes,2025-04-27,Draft,S404008,,,,
CL_ACOUNTRY_S404008VD1,Analysis Country,S404008,text,,Burkina Faso,,,,,STD.CT.SDTM.20240329,2025-04-27,Draft,S3030054,Burkina Faso,,,,Yes,2025-04-27,Draft,S404008,,,,
CL_ACOUNTRY_S404008VD1,Analysis Country,S404008,text,,Burundi,,,,,STD.CT.SDTM.20240329,2025-04-27,Draft,S3030050,Burundi,,,,Yes,2025-04-27,Draft,S404008,,,,
CL_ACOUNTRY_S404008VD1,Analysis Country,S404008,text,,Cambodia,,,,,STD.CT.SDTM.20240329,2025-04-27,Draft,S30300152,Cambodia,,,,Yes,2025-04-27,Draft,S404008,,,,
CL_ACOUNTRY_S404008VD1,Analysis Country,S404008,text,,Cameroon,,,,,STD.CT.SDTM.20240329,2025-04-27,Draft,S3030078,Cameroon,,,,Yes,2025-04-27,Draft,S404008,,,,
CL_ACOUNTRY_S404008VD1,Analysis Country,S404008,text,,Canada,,,,,STD.CT.SDTM.20240329,2025-04-27,Draft,S3030072,Canada,,,,Yes,2025-04-27,Draft,S404008,,,,
CL_ACOUNTRY_S404008VD1,Analysis Country,S404008,text,,Cape Verde,,,,,STD.CT.SDTM.20240329,2025-04-27,Draft,S3030084,Cape Verde,,,,Yes,2025-04-27,Draft,S404008,,,,
CL_ACOUNTRY_S404008VD1,Analysis Country,S404008,text,,Cayman Islands,,,,,STD.CT.SDTM.20240329,2025-04-27,Draft,S3030089,Cayman Islands,,,,Yes,2025-04-27,Draft,S404008,,,,
CL_ACOUNTRY_S404008VD1,Analysis Country,S404008,text,,Central African Republic,,,,,STD.CT.SDTM.20240329,2025-04-27,Draft,S3030071,Central African Republic,,,,Yes,2025-04-27,Draft,S404008,,,,
CL_ACOUNTRY_S404008VD1,Analysis Country,S404008,text,,Chad,,,,,STD.CT.SDTM.20240329,2025-04-27,Draft,S30300249,Chad,,,,Yes,2025-04-27,Draft,S404008,,,,
CL_ACOUNTRY_S404008VD1,Analysis Country,S404008,text,,Chile,,,,,STD.CT.SDTM.20240329,2025-04-27,Draft,S3030075,Chile,,,,Yes,2025-04-27,Draft,S404008,,,,
CL_ACOUNTRY_S404008VD1,Analysis Country,S404008,text,,China,,,,,STD.CT.SDTM.20240329,2025-04-27,Draft,S3030076,China,,,,Yes,2025-04-27,Draft,S404008,,,,
CL_ACOUNTRY_S404008VD1,Analysis Country,S404008,text,,Christmas Island,,,,,STD.CT.SDTM.20240329,2025-04-27,Draft,S3030088,Christmas Island,,,,Yes,2025-04-27,Draft,S404008,,,,
CL_ACOUNTRY_S404008VD1,Analysis Country,S404008,text,,Cocos (Keeling) Islands,,,,,STD.CT.SDTM.20240329,2025-04-27,Draft,S3030073,Cocos (Keeling) Islands,,,,Yes,2025-04-27,Draft,S404008,,,,
CL_ACOUNTRY_S404008VD1,Analysis Country,S404008,text,,Colombia,,,,,STD.CT.SDTM.20240329,2025-04-27,Draft,S3030082,Colombia,,,,Yes,2025-04-27,Draft,S404008,,,,
CL_ACOUNTRY_S404008VD1,Analysis Country,S404008,text,,Comoros,,,,,STD.CT.SDTM.20240329,2025-04-27,Draft,S3030083,Comoros,,,,Yes,2025-04-27,Draft,S404008,,,,
CL_ACOUNTRY_S404008VD1,Analysis Country,S404008,text,,Congo,,,,,STD.CT.SDTM.20240329,2025-04-27,Draft,S3030080,Congo,,,,Yes,2025-04-27,Draft,S404008,,,,
CL_ACOUNTRY_S404008VD1,Analysis Country,S404008,text,,"Congo, the Democratic Republic of; Democratic Republic of the Congo",,,,,STD.CT.SDTM.20240329,2025-04-27,Draft,S3030079,"Congo, the Democratic Republic of; Democratic Republic of the Congo",,,,Yes,2025-04-27,Draft,S404008,,,,
CL_ACOUNTRY_S404008VD1,Analysis Country,S404008,text,,Cook Islands,,,,,STD.CT.SDTM.20240329,2025-04-27,Draft,S3030081,Cook Islands,,,,Yes,2025-04-27,Draft,S404008,,,,
CL_ACOUNTRY_S404008VD1,Analysis Country,S404008,text,,Costa Rica,,,,,STD.CT.SDTM.20240329,2025-04-27,Draft,S3030085,Costa Rica,,,,Yes,2025-04-27,Draft,S404008,,,,
CL_ACOUNTRY_S404008VD1,Analysis Country,S404008,text,,Cote D'Ivoire,,,,,STD.CT.SDTM.20240329,2025-04-27,Draft,S3030077,Cote D'Ivoire,,,,Yes,2025-04-27,Draft,S404008,,,,
CL_ACOUNTRY_S404008VD1,Analysis Country,S404008,text,,Croatia,,,,,STD.CT.SDTM.20240329,2025-04-27,Draft,S30300132,Croatia,,,,Yes,2025-04-27,Draft,S404008,,,,
CL_ACOUNTRY_S404008VD1,Analysis Country,S404008,text,,Cuba,,,,,STD.CT.SDTM.20240329,2025-04-27,Draft,S3030086,Cuba,,,,Yes,2025-04-27,Draft,S404008,,,,
CL_ACOUNTRY_S404008VD1,Analysis Country,S404008,text,,Curacao,,,,,STD.CT.SDTM.20240329,2025-04-27,Draft,S3030087,Curacao,,,,Yes,2025-04-27,Draft,S404008,,,,
CL_ACOUNTRY_S404008VD1,Analysis Country,S404008,text,,Cyprus,,,,,STD.CT.SDTM.20240329,2025-04-27,Draft,S3030090,Cyprus,,,,Yes,2025-04-27,Draft,S404008,,,,
CL_ACOUNTRY_S404008VD1,Analysis Country,S404008,text,,Czech Republic,,,,,STD.CT.SDTM.20240329,2025-04-27,Draft,S3030091,Czech Republic,,,,Yes,2025-04-27,Draft,S404008,,,,
CL_ACOUNTRY_S404008VD1,Analysis Country,S404008,text,,Denmark,,,,,STD.CT.SDTM.20240329,2025-04-27,Draft,S3030095,Denmark,,,,Yes,2025-04-27,Draft,S404008,,,,
CL_ACOUNTRY_S404008VD1,Analysis Country,S404008,text,,Djibouti,,,,,STD.CT.SDTM.20240329,2025-04-27,Draft,S3030093,Djibouti,,,,Yes,2025-04-27,Draft,S404008,,,,
CL_ACOUNTRY_S404008VD1,Analysis Country,S404008,text,,Dominica,,,,,STD.CT.SDTM.20240329,2025-04-27,Draft,S3030094,Dominica,,,,Yes,2025-04-27,Draft,S404008,,,,
CL_ACOUNTRY_S404008VD1,Analysis Country,S404008,text,,Dominican Republic,,,,,STD.CT.SDTM.20240329,2025-04-27,Draft,S3030096,Dominican Republic,,,,Yes,2025-04-27,Draft,S404008,,,,
CL_ACOUNTRY_S404008VD1,Analysis Country,S404008,text,,Ecuador,,,,,STD.CT.SDTM.20240329,2025-04-27,Draft,S3030098,Ecuador,,,,Yes,2025-04-27,Draft,S404008,,,,
CL_ACOUNTRY_S404008VD1,Analysis Country,S404008,text,,Egypt,,,,,STD.CT.SDTM.20240329,2025-04-27,Draft,S3030099,Egypt,,,,Yes,2025-04-27,Draft,S404008,,,,
CL_ACOUNTRY_S404008VD1,Analysis Country,S404008,text,,El Salvador,,,,,STD.CT.SDTM.20240329,2025-04-27,Draft,S30300233,El Salvador,,,,Yes,2025-04-27,Draft,S404008,,,,
CL_ACOUNTRY_S404008VD1,Analysis Country,S404008,text,,Equatorial Guinea,,,,,STD.CT.SDTM.20240329,2025-04-27,Draft,S30300121,Equatorial Guinea,,,,Yes,2025-04-27,Draft,S404008,,,,
CL_ACOUNTRY_S404008VD1,Analysis Country,S404008,text,,Eritrea,,,,,STD.CT.SDTM.20240329,2025-04-27,Draft,S30300100,Eritrea,,,,Yes,2025-04-27,Draft,S404008,,,,
CL_ACOUNTRY_S404008VD1,Analysis Country,S404008,text,,Estonia,,,,,STD.CT.SDTM.20240329,2025-04-27,Draft,S30300103,Estonia,,,,Yes,2025-04-27,Draft,S404008,,,,
CL_ACOUNTRY_S404008VD1,Analysis Country,S404008,text,,Ethiopia,,,,,STD.CT.SDTM.20240329,2025-04-27,Draft,S30300104,Ethiopia,,,,Yes,2025-04-27,Draft,S404008,,,,
CL_ACOUNTRY_S404008VD1,Analysis Country,S404008,text,,Falkland Islands; Falkland Islands (Malvinas),,,,,STD.CT.SDTM.20240329,2025-04-27,Draft,S30300107,Falkland Islands; Falkland Islands (Malvinas),,,,Yes,2025-04-27,Draft,S404008,,,,
CL_ACOUNTRY_S404008VD1,Analysis Country,S404008,text,,Faroe Islands,,,,,STD.CT.SDTM.20240329,2025-04-27,Draft,S30300109,Faroe Islands,,,,Yes,2025-04-27,Draft,S404008,,,,
CL_ACOUNTRY_S404008VD1,Analysis Country,S404008,text,,Fiji,,,,,STD.CT.SDTM.20240329,2025-04-27,Draft,S30300106,Fiji,,,,Yes,2025-04-27,Draft,S404008,,,,
CL_ACOUNTRY_S404008VD1,Analysis Country,S404008,text,,Finland,,,,,STD.CT.SDTM.20240329,2025-04-27,Draft,S30300105,Finland,,,,Yes,2025-04-27,Draft,S404008,,,,
CL_ACOUNTRY_S404008VD1,Analysis Country,S404008,text,,France,,,,,STD.CT.SDTM.20240329,2025-04-27,Draft,S30300108,France,,,,Yes,2025-04-27,Draft,S404008,,,,
CL_ACOUNTRY_S404008VD1,Analysis Country,S404008,text,,French Guiana,,,,,STD.CT.SDTM.20240329,2025-04-27,Draft,S30300126,French Guiana,,,,Yes,2025-04-27,Draft,S404008,,,,
CL_ACOUNTRY_S404008VD1,Analysis Country,S404008,text,,French Polynesia,,,,,STD.CT.SDTM.20240329,2025-04-27,Draft,S30300218,French Polynesia,,,,Yes,2025-04-27,Draft,S404008,,,,
CL_ACOUNTRY_S404008VD1,Analysis Country,S404008,text,,French Southern Territories,,,,,STD.CT.SDTM.20240329,2025-04-27,Draft,S3030045,French Southern Territories,,,,Yes,2025-04-27,Draft,S404008,,,,
CL_ACOUNTRY_S404008VD1,Analysis Country,S404008,text,,Gabon,,,,,STD.CT.SDTM.20240329,2025-04-27,Draft,S30300111,Gabon,,,,Yes,2025-04-27,Draft,S404008,,,,
CL_ACOUNTRY_S404008VD1,Analysis Country,S404008,text,,Gambia,,,,,STD.CT.SDTM.20240329,2025-04-27,Draft,S30300119,Gambia,,,,Yes,2025-04-27,Draft,S404008,,,,
CL_ACOUNTRY_S404008VD1,Analysis Country,S404008,text,,Georgia,,,,,STD.CT.SDTM.20240329,2025-04-27,Draft,S30300113,Georgia,,,,Yes,2025-04-27,Draft,S404008,,,,
CL_ACOUNTRY_S404008VD1,Analysis Country,S404008,text,,Germany,,,,,STD.CT.SDTM.20240329,2025-04-27,Draft,S3030092,Germany,,,,Yes,2025-04-27,Draft,S404008,,,,
CL_ACOUNTRY_S404008VD1,Analysis Country,S404008,text,,Ghana,,,,,STD.CT.SDTM.20240329,2025-04-27,Draft,S30300115,Ghana,,,,Yes,2025-04-27,Draft,S404008,,,,
CL_ACOUNTRY_S404008VD1,Analysis Country,S404008,text,,Gibraltar,,,,,STD.CT.SDTM.20240329,2025-04-27,Draft,S30300116,Gibraltar,,,,Yes,2025-04-27,Draft,S404008,,,,
CL_ACOUNTRY_S404008VD1,Analysis Country,S404008,text,,Greece,,,,,STD.CT.SDTM.20240329,2025-04-27,Draft,S30300122,Greece,,,,Yes,2025-04-27,Draft,S404008,,,,
CL_ACOUNTRY_S404008VD1,Analysis Country,S404008,text,,Greenland,,,,,STD.CT.SDTM.20240329,2025-04-27,Draft,S30300124,Greenland,,,,Yes,2025-04-27,Draft,S404008,,,,
CL_ACOUNTRY_S404008VD1,Analysis Country,S404008,text,,Grenada,,,,,STD.CT.SDTM.20240329,2025-04-27,Draft,S30300123,Grenada,,,,Yes,2025-04-27,Draft,S404008,,,,
CL_ACOUNTRY_S404008VD1,Analysis Country,S404008,text,,Guadeloupe,,,,,STD.CT.SDTM.20240329,2025-04-27,Draft,S30300118,Guadeloupe,,,,Yes,2025-04-27,Draft,S404008,,,,
CL_ACOUNTRY_S404008VD1,Analysis Country,S404008,text,,Guam,,,,,STD.CT.SDTM.20240329,2025-04-27,Draft,S30300127,Guam,,,,Yes,2025-04-27,Draft,S404008,,,,
CL_ACOUNTRY_S404008VD1,Analysis Country,S404008,text,,Guatemala,,,,,STD.CT.SDTM.20240329,2025-04-27,Draft,S30300125,Guatemala,,,,Yes,2025-04-27,Draft,S404008,,,,
CL_ACOUNTRY_S404008VD1,Analysis Country,S404008,text,,Guernsey,,,,,STD.CT.SDTM.20240329,2025-04-27,Draft,S30300114,Guernsey,,,,Yes,2025-04-27,Draft,S404008,,,,
CL_ACOUNTRY_S404008VD1,Analysis Country,S404008,text,,Guinea,,,,,STD.CT.SDTM.20240329,2025-04-27,Draft,S30300117,Guinea,,,,Yes,2025-04-27,Draft,S404008,,,,
CL_ACOUNTRY_S404008VD1,Analysis Country,S404008,text,,Guinea-Bissau,,,,,STD.CT.SDTM.20240329,2025-04-27,Draft,S30300120,Guinea-Bissau,,,,Yes,2025-04-27,Draft,S404008,,,,
CL_ACOUNTRY_S404008VD1,Analysis Country,S404008,text,,Guyana,,,,,STD.CT.SDTM.20240329,2025-04-27,Draft,S30300128,Guyana,,,,Yes,2025-04-27,Draft,S404008,,,,
CL_ACOUNTRY_S404008VD1,Analysis Country,S404008,text,,Haiti,,,,,STD.CT.SDTM.20240329,2025-04-27,Draft,S30300133,Haiti,,,,Yes,2025-04-27,Draft,S404008,,,,
CL_ACOUNTRY_S404008VD1,Analysis Country,S404008,text,,Heard Island and Mcdonald Islands,,,,,STD.CT.SDTM.20240329,2025-04-27,Draft,S30300130,Heard Island and Mcdonald Islands,,,,Yes,2025-04-27,Draft,S404008,,,,
CL_ACOUNTRY_S404008VD1,Analysis Country,S404008,text,,Honduras,,,,,STD.CT.SDTM.20240329,2025-04-27,Draft,S30300131,Honduras,,,,Yes,2025-04-27,Draft,S404008,,,,
CL_ACOUNTRY_S404008VD1,Analysis Country,S404008,text,,Hong Kong,,,,,STD.CT.SDTM.20240329,2025-04-27,Draft,S30300129,Hong Kong,,,,Yes,2025-04-27,Draft,S404008,,,,
CL_ACOUNTRY_S404008VD1,Analysis Country,S404008,text,,Hungary,,,,,STD.CT.SDTM.20240329,2025-04-27,Draft,S30300134,Hungary,,,,Yes,2025-04-27,Draft,S404008,,,,
CL_ACOUNTRY_S404008VD1,Analysis Country,S404008,text,,Iceland,,,,,STD.CT.SDTM.20240329,2025-04-27,Draft,S30300142,Iceland,,,,Yes,2025-04-27,Draft,S404008,,,,
CL_ACOUNTRY_S404008VD1,Analysis Country,S404008,text,,India,,,,,STD.CT.SDTM.20240329,2025-04-27,Draft,S30300137,India,,,,Yes,2025-04-27,Draft,S404008,,,,
CL_ACOUNTRY_S404008VD1,Analysis Country,S404008,text,,Indonesia,,,,,STD.CT.SDTM.20240329,2025-04-27,Draft,S30300135,Indonesia,,,,Yes,2025-04-27,Draft,S404008,,,,
CL_ACOUNTRY_S404008VD1,Analysis Country,S404008,text,,Iran,,,,,STD.CT.SDTM.20240329,2025-04-27,Draft,S30300140,Iran,,,,Yes,2025-04-27,Draft,S404008,,,,
CL_ACOUNTRY_S404008VD1,Analysis Country,S404008,text,,Iraq,,,,,STD.CT.SDTM.20240329,2025-04-27,Draft,S30300141,Iraq,,,,Yes,2025-04-27,Draft,S404008,,,,
CL_ACOUNTRY_S404008VD1,Analysis Country,S404008,text,,Ireland,,,,,STD.CT.SDTM.20240329,2025-04-27,Draft,S30300139,Ireland,,,,Yes,2025-04-27,Draft,S404008,,,,
CL_ACOUNTRY_S404008VD1,Analysis Country,S404008,text,,Isle Of Man,,,,,STD.CT.SDTM.20240329,2025-04-27,Draft,S30300136,Isle Of Man,,,,Yes,2025-04-27,Draft,S404008,,,,
CL_ACOUNTRY_S404008VD1,Analysis Country,S404008,text,,Israel,,,,,STD.CT.SDTM.20240329,2025-04-27,Draft,S30300143,Israel,,,,Yes,2025-04-27,Draft,S404008,,,,
CL_ACOUNTRY_S404008VD1,Analysis Country,S404008,text,,Italy,,,,,STD.CT.SDTM.20240329,2025-04-27,Draft,S30300144,Italy,,,,Yes,2025-04-27,Draft,S404008,,,,
CL_ACOUNTRY_S404008VD1,Analysis Country,S404008,text,,Jamaica,,,,,STD.CT.SDTM.20240329,2025-04-27,Draft,S30300145,Jamaica,,,,Yes,2025-04-27,Draft,S404008,,,,
CL_ACOUNTRY_S404008VD1,Analysis Country,S404008,text,,Japan,,,,,STD.CT.SDTM.20240329,2025-04-27,Draft,S30300148,Japan,,,,Yes,2025-04-27,Draft,S404008,,,,
CL_ACOUNTRY_S404008VD1,Analysis Country,S404008,text,,Jersey,,,,,STD.CT.SDTM.20240329,2025-04-27,Draft,S30300146,Jersey,,,,Yes,2025-04-27,Draft,S404008,,,,
CL_ACOUNTRY_S404008VD1,Analysis Country,S404008,text,,Jordan,,,,,STD.CT.SDTM.20240329,2025-04-27,Draft,S30300147,Jordan,,,,Yes,2025-04-27,Draft,S404008,,,,
CL_ACOUNTRY_S404008VD1,Analysis Country,S404008,text,,Kazakhstan,,,,,STD.CT.SDTM.20240329,2025-04-27,Draft,S30300149,Kazakhstan,,,,Yes,2025-04-27,Draft,S404008,,,,
CL_ACOUNTRY_S404008VD1,Analysis Country,S404008,text,,Kenya,,,,,STD.CT.SDTM.20240329,2025-04-27,Draft,S30300150,Kenya,,,,Yes,2025-04-27,Draft,S404008,,,,
CL_ACOUNTRY_S404008VD1,Analysis Country,S404008,text,,Kiribati,,,,,STD.CT.SDTM.20240329,2025-04-27,Draft,S30300153,Kiribati,,,,Yes,2025-04-27,Draft,S404008,,,,
CL_ACOUNTRY_S404008VD1,Analysis Country,S404008,text,,"Korea, Democratic People's Republic of; North Korea",,,,,STD.CT.SDTM.20240329,2025-04-27,Draft,S30300214,"Korea, Democratic People's Republic of; North Korea",,,,Yes,2025-04-27,Draft,S404008,,,,
CL_ACOUNTRY_S404008VD1,Analysis Country,S404008,text,,"Korea, Republic of; South Korea",,,,,STD.CT.SDTM.20240329,2025-04-27,Draft,S30300155,"Korea, Republic of; South Korea",,,,Yes,2025-04-27,Draft,S404008,,,,
CL_ACOUNTRY_S404008VD1,Analysis Country,S404008,text,,Kuwait,,,,,STD.CT.SDTM.20240329,2025-04-27,Draft,S30300156,Kuwait,,,,Yes,2025-04-27,Draft,S404008,,,,
CL_ACOUNTRY_S404008VD1,Analysis Country,S404008,text,,Kyrgyzstan,,,,,STD.CT.SDTM.20240329,2025-04-27,Draft,S30300151,Kyrgyzstan,,,,Yes,2025-04-27,Draft,S404008,,,,
CL_ACOUNTRY_S404008VD1,Analysis Country,S404008,text,,Lao People's Democratic Republic,,,,,STD.CT.SDTM.20240329,2025-04-27,Draft,S30300157,Lao People's Democratic Republic,,,,Yes,2025-04-27,Draft,S404008,,,,
CL_ACOUNTRY_S404008VD1,Analysis Country,S404008,text,,Latvia,,,,,STD.CT.SDTM.20240329,2025-04-27,Draft,S30300167,Latvia,,,,Yes,2025-04-27,Draft,S404008,,,,
CL_ACOUNTRY_S404008VD1,Analysis Country,S404008,text,,Lebanon,,,,,STD.CT.SDTM.20240329,2025-04-27,Draft,S30300158,Lebanon,,,,Yes,2025-04-27,Draft,S404008,,,,
CL_ACOUNTRY_S404008VD1,Analysis Country,S404008,text,,Lesotho,,,,,STD.CT.SDTM.20240329,2025-04-27,Draft,S30300164,Lesotho,,,,Yes,2025-04-27,Draft,S404008,,,,
CL_ACOUNTRY_S404008VD1,Analysis Country,S404008,text,,Liberia,,,,,STD.CT.SDTM.20240329,2025-04-27,Draft,S30300159,Liberia,,,,Yes,2025-04-27,Draft,S404008,,,,
CL_ACOUNTRY_S404008VD1,Analysis Country,S404008,text,,Libya,,,,,STD.CT.SDTM.20240329,2025-04-27,Draft,S30300160,Libya,,,,Yes,2025-04-27,Draft,S404008,,,,
CL_ACOUNTRY_S404008VD1,Analysis Country,S404008,text,,Liechtenstein,,,,,STD.CT.SDTM.20240329,2025-04-27,Draft,S30300162,Liechtenstein,,,,Yes,2025-04-27,Draft,S404008,,,,
CL_ACOUNTRY_S404008VD1,Analysis Country,S404008,text,,Lithuania,,,,,STD.CT.SDTM.20240329,2025-04-27,Draft,S30300165,Lithuania,,,,Yes,2025-04-27,Draft,S404008,,,,
CL_ACOUNTRY_S404008VD1,Analysis Country,S404008,text,,Luxembourg,,,,,STD.CT.SDTM.20240329,2025-04-27,Draft,S30300166,Luxembourg,,,,Yes,2025-04-27,Draft,S404008,,,,
CL_ACOUNTRY_S404008VD1,Analysis Country,S404008,text,,Macao,,,,,STD.CT.SDTM.20240329,2025-04-27,Draft,S30300168,Macao,,,,Yes,2025-04-27,Draft,S404008,,,,
CL_ACOUNTRY_S404008VD1,Analysis Country,S404008,text,,"Macedonia, the former Yugoslav Republic of; Republic of Macedonia",,,,,STD.CT.SDTM.20240329,2025-04-27,Draft,S30300177,"Macedonia, the former Yugoslav Republic of; Republic of Macedonia",,,,Yes,2025-04-27,Draft,S404008,,,,
CL_ACOUNTRY_S404008VD1,Analysis Country,S404008,text,,Madagascar,,,,,STD.CT.SDTM.20240329,2025-04-27,Draft,S30300173,Madagascar,,,,Yes,2025-04-27,Draft,S404008,,,,
CL_ACOUNTRY_S404008VD1,Analysis Country,S404008,text,,Malawi,,,,,STD.CT.SDTM.20240329,2025-04-27,Draft,S30300189,Malawi,,,,Yes,2025-04-27,Draft,S404008,,,,
CL_ACOUNTRY_S404008VD1,Analysis Country,S404008,text,,Malaysia,,,,,STD.CT.SDTM.20240329,2025-04-27,Draft,S30300190,Malaysia,,,,Yes,2025-04-27,Draft,S404008,,,,
CL_ACOUNTRY_S404008VD1,Analysis Country,S404008,text,,Maldives,,,,,STD.CT.SDTM.20240329,2025-04-27,Draft,S30300174,Maldives,,,,Yes,2025-04-27,Draft,S404008,,,,
CL_ACOUNTRY_S404008VD1,Analysis Country,S404008,text,,Mali,,,,,STD.CT.SDTM.20240329,2025-04-27,Draft,S30300178,Mali,,,,Yes,2025-04-27,Draft,S404008,,,,
CL_ACOUNTRY_S404008VD1,Analysis Country,S404008,text,,Malta,,,,,STD.CT.SDTM.20240329,2025-04-27,Draft,S30300179,Malta,,,,Yes,2025-04-27,Draft,S404008,,,,
CL_ACOUNTRY_S404008VD1,Analysis Country,S404008,text,,Marshall Islands,,,,,STD.CT.SDTM.20240329,2025-04-27,Draft,S30300176,Marshall Islands,,,,Yes,2025-04-27,Draft,S404008,,,,
CL_ACOUNTRY_S404008VD1,Analysis Country,S404008,text,,Martinique,,,,,STD.CT.SDTM.20240329,2025-04-27,Draft,S30300187,Martinique,,,,Yes,2025-04-27,Draft,S404008,,,,
CL_ACOUNTRY_S404008VD1,Analysis Country,S404008,text,,Mauritania,,,,,STD.CT.SDTM.20240329,2025-04-27,Draft,S30300185,Mauritania,,,,Yes,2025-04-27,Draft,S404008,,,,
CL_ACOUNTRY_S404008VD1,Analysis Country,S404008,text,,Mauritius,,,,,STD.CT.SDTM.20240329,2025-04-27,Draft,S30300188,Mauritius,,,,Yes,2025-04-27,Draft,S404008,,,,
CL_ACOUNTRY_S404008VD1,Analysis Country,S404008,text,,Mayotte,,,,,STD.CT.SDTM.20240329,2025-04-27,Draft,S30300191,Mayotte,,,,Yes,2025-04-27,Draft,S404008,,,,
CL_ACOUNTRY_S404008VD1,Analysis Country,S404008,text,,Mexico,,,,,STD.CT.SDTM.20240329,2025-04-27,Draft,S30300175,Mexico,,,,Yes,2025-04-27,Draft,S404008,,,,
CL_ACOUNTRY_S404008VD1,Analysis Country,S404008,text,,"Micronesia, Federated States of",,,,,STD.CT.SDTM.20240329,2025-04-27,Draft,S30300110,"Micronesia, Federated States of",,,,Yes,2025-04-27,Draft,S404008,,,,
CL_ACOUNTRY_S404008VD1,Analysis Country,S404008,text,,"Moldova, Republic of",,,,,STD.CT.SDTM.20240329,2025-04-27,Draft,S30300172,"Moldova, Republic of",,,,Yes,2025-04-27,Draft,S404008,,,,
CL_ACOUNTRY_S404008VD1,Analysis Country,S404008,text,,Monaco,,,,,STD.CT.SDTM.20240329,2025-04-27,Draft,S30300171,Monaco,,,,Yes,2025-04-27,Draft,S404008,,,,
CL_ACOUNTRY_S404008VD1,Analysis Country,S404008,text,,Mongolia,,,,,STD.CT.SDTM.20240329,2025-04-27,Draft,S30300182,Mongolia,,,,Yes,2025-04-27,Draft,S404008,,,,
CL_ACOUNTRY_S404008VD1,Analysis Country,S404008,text,,Montenegro,,,,,STD.CT.SDTM.20240329,2025-04-27,Draft,S30300181,Montenegro,,,,Yes,2025-04-27,Draft,S404008,,,,
CL_ACOUNTRY_S404008VD1,Analysis Country,S404008,text,,Montserrat,,,,,STD.CT.SDTM.20240329,2025-04-27,Draft,S30300186,Montserrat,,,,Yes,2025-04-27,Draft,S404008,,,,
CL_ACOUNTRY_S404008VD1,Analysis Country,S404008,text,,Morocco,,,,,STD.CT.SDTM.20240329,2025-04-27,Draft,S30300170,Morocco,,,,Yes,2025-04-27,Draft,S404008,,,,
CL_ACOUNTRY_S404008VD1,Analysis Country,S404008,text,,Mozambique,,,,,STD.CT.SDTM.20240329,2025-04-27,Draft,S30300184,Mozambique,,,,Yes,2025-04-27,Draft,S404008,,,,
CL_ACOUNTRY_S404008VD1,Analysis Country,S404008,text,,Myanmar,,,,,STD.CT.SDTM.20240329,2025-04-27,Draft,S30300180,Myanmar,,,,Yes,2025-04-27,Draft,S404008,,,,
CL_ACOUNTRY_S404008VD1,Analysis Country,S404008,text,,Namibia,,,,,STD.CT.SDTM.20240329,2025-04-27,Draft,S30300192,Namibia,,,,Yes,2025-04-27,Draft,S404008,,,,
CL_ACOUNTRY_S404008VD1,Analysis Country,S404008,text,,Nauru,,,,,STD.CT.SDTM.20240329,2025-04-27,Draft,S30300202,Nauru,,,,Yes,2025-04-27,Draft,S404008,,,,
CL_ACOUNTRY_S404008VD1,Analysis Country,S404008,text,,Nepal,,,,,STD.CT.SDTM.20240329,2025-04-27,Draft,S30300201,Nepal,,,,Yes,2025-04-27,Draft,S404008,,,,
CL_ACOUNTRY_S404008VD1,Analysis Country,S404008,text,,Netherlands,,,,,STD.CT.SDTM.20240329,2025-04-27,Draft,S30300199,Netherlands,,,,Yes,2025-04-27,Draft,S404008,,,,
CL_ACOUNTRY_S404008VD1,Analysis Country,S404008,text,,New Caledonia,,,,,STD.CT.SDTM.20240329,2025-04-27,Draft,S30300193,New Caledonia,,,,Yes,2025-04-27,Draft,S404008,,,,
CL_ACOUNTRY_S404008VD1,Analysis Country,S404008,text,,New Zealand,,,,,STD.CT.SDTM.20240329,2025-04-27,Draft,S30300203,New Zealand,,,,Yes,2025-04-27,Draft,S404008,,,,
CL_ACOUNTRY_S404008VD1,Analysis Country,S404008,text,,Nicaragua,,,,,STD.CT.SDTM.20240329,2025-04-27,Draft,S30300197,Nicaragua,,,,Yes,2025-04-27,Draft,S404008,,,,
CL_ACOUNTRY_S404008VD1,Analysis Country,S404008,text,,Niger,,,,,STD.CT.SDTM.20240329,2025-04-27,Draft,S30300194,Niger,,,,Yes,2025-04-27,Draft,S404008,,,,
CL_ACOUNTRY_S404008VD1,Analysis Country,S404008,text,,Nigeria,,,,,STD.CT.SDTM.20240329,2025-04-27,Draft,S30300196,Nigeria,,,,Yes,2025-04-27,Draft,S404008,,,,
CL_ACOUNTRY_S404008VD1,Analysis Country,S404008,text,,Niue,,,,,STD.CT.SDTM.20240329,2025-04-27,Draft,S30300198,Niue,,,,Yes,2025-04-27,Draft,S404008,,,,
CL_ACOUNTRY_S404008VD1,Analysis Country,S404008,text,,Norfolk Island,,,,,STD.CT.SDTM.20240329,2025-04-27,Draft,S30300195,Norfolk Island,,,,Yes,2025-04-27,Draft,S404008,,,,
CL_ACOUNTRY_S404008VD1,Analysis Country,S404008,text,,Northern Mariana Islands,,,,,STD.CT.SDTM.20240329,2025-04-27,Draft,S30300183,Northern Mariana Islands,,,,Yes,2025-04-27,Draft,S404008,,,,
CL_ACOUNTRY_S404008VD1,Analysis Country,S404008,text,,Norway,,,,,STD.CT.SDTM.20240329,2025-04-27,Draft,S30300200,Norway,,,,Yes,2025-04-27,Draft,S404008,,,,
CL_ACOUNTRY_S404008VD1,Analysis Country,S404008,text,,Oman,,,,,STD.CT.SDTM.20240329,2025-04-27,Draft,S30300204,Oman,,,,Yes,2025-04-27,Draft,S404008,,,,
CL_ACOUNTRY_S404008VD1,Analysis Country,S404008,text,,Pakistan,,,,,STD.CT.SDTM.20240329,2025-04-27,Draft,S30300205,Pakistan,,,,Yes,2025-04-27,Draft,S404008,,,,
CL_ACOUNTRY_S404008VD1,Analysis Country,S404008,text,,Palau,,,,,STD.CT.SDTM.20240329,2025-04-27,Draft,S30300210,Palau,,,,Yes,2025-04-27,Draft,S404008,,,,
CL_ACOUNTRY_S404008VD1,Analysis Country,S404008,text,,"Palestinian Territory, occupied",,,,,STD.CT.SDTM.20240329,2025-04-27,Draft,S30300217,"Palestinian Territory, occupied",,,,Yes,2025-04-27,Draft,S404008,,,,
CL_ACOUNTRY_S404008VD1,Analysis Country,S404008,text,,Panama,,,,,STD.CT.SDTM.20240329,2025-04-27,Draft,S30300206,Panama,,,,Yes,2025-04-27,Draft,S404008,,,,
CL_ACOUNTRY_S404008VD1,Analysis Country,S404008,text,,Papua New Guinea,,,,,STD.CT.SDTM.20240329,2025-04-27,Draft,S30300211,Papua New Guinea,,,,Yes,2025-04-27,Draft,S404008,,,,
CL_ACOUNTRY_S404008VD1,Analysis Country,S404008,text,,Paraguay,,,,,STD.CT.SDTM.20240329,2025-04-27,Draft,S30300216,Paraguay,,,,Yes,2025-04-27,Draft,S404008,,,,
CL_ACOUNTRY_S404008VD1,Analysis Country,S404008,text,,Peru,,,,,STD.CT.SDTM.20240329,2025-04-27,Draft,S30300208,Peru,,,,Yes,2025-04-27,Draft,S404008,,,,
CL_ACOUNTRY_S404008VD1,Analysis Country,S404008,text,,Philippines,,,,,STD.CT.SDTM.20240329,2025-04-27,Draft,S30300209,Philippines,,,,Yes,2025-04-27,Draft,S404008,,,,
CL_ACOUNTRY_S404008VD1,Analysis Country,S404008,text,,Pitcairn,,,,,STD.CT.SDTM.20240329,2025-04-27,Draft,S30300207,Pitcairn,,,,Yes,2025-04-27,Draft,S404008,,,,
CL_ACOUNTRY_S404008VD1,Analysis Country,S404008,text,,Poland,,,,,STD.CT.SDTM.20240329,2025-04-27,Draft,S30300212,Poland,,,,Yes,2025-04-27,Draft,S404008,,,,
CL_ACOUNTRY_S404008VD1,Analysis Country,S404008,text,,Portugal,,,,,STD.CT.SDTM.20240329,2025-04-27,Draft,S30300215,Portugal,,,,Yes,2025-04-27,Draft,S404008,,,,
CL_ACOUNTRY_S404008VD1,Analysis Country,S404008,text,,Puerto Rico,,,,,STD.CT.SDTM.20240329,2025-04-27,Draft,S30300213,Puerto Rico,,,,Yes,2025-04-27,Draft,S404008,,,,
CL_ACOUNTRY_S404008VD1,Analysis Country,S404008,text,,Qatar,,,,,STD.CT.SDTM.20240329,2025-04-27,Draft,S30300219,Qatar,,,,Yes,2025-04-27,Draft,S404008,,,,
CL_ACOUNTRY_S404008VD1,Analysis Country,S404008,text,,Reunion,,,,,STD.CT.SDTM.20240329,2025-04-27,Draft,S30300220,Reunion,,,,Yes,2025-04-27,Draft,S404008,,,,
CL_ACOUNTRY_S404008VD1,Analysis Country,S404008,text,,Romania,,,,,STD.CT.SDTM.20240329,2025-04-27,Draft,S30300221,Romania,,,,Yes,2025-04-27,Draft,S404008,,,,
CL_ACOUNTRY_S404008VD1,Analysis Country,S404008,text,,Russian Federation,,,,,STD.CT.SDTM.20240329,2025-04-27,Draft,S30300222,Russian Federation,,,,Yes,2025-04-27,Draft,S404008,,,,
CL_ACOUNTRY_S404008VD1,Analysis Country,S404008,text,,Rwanda,,,,,STD.CT.SDTM.20240329,2025-04-27,Draft,S30300223,Rwanda,,,,Yes,2025-04-27,Draft,S404008,,,,
CL_ACOUNTRY_S404008VD1,Analysis Country,S404008,text,,Saint Barthelemy,,,,,STD.CT.SDTM.20240329,2025-04-27,Draft,S3030060,Saint Barthelemy,,,,Yes,2025-04-27,Draft,S404008,,,,
CL_ACOUNTRY_S404008VD1,Analysis Country,S404008,text,,"Saint Helena; Saint Helena, Ascension and Tristan Da Cunha",,,,,STD.CT.SDTM.20240329,2025-04-27,Draft,S30300229,"Saint Helena; Saint Helena, Ascension and Tristan Da Cunha",,,,Yes,2025-04-27,Draft,S404008,,,,
CL_ACOUNTRY_S404008VD1,Analysis Country,S404008,text,,Saint Kitts and Nevis,,,,,STD.CT.SDTM.20240329,2025-04-27,Draft,S30300154,Saint Kitts and Nevis,,,,Yes,2025-04-27,Draft,S404008,,,,
CL_ACOUNTRY_S404008VD1,Analysis Country,S404008,text,,Saint Lucia,,,,,STD.CT.SDTM.20240329,2025-04-27,Draft,S30300161,Saint Lucia,,,,Yes,2025-04-27,Draft,S404008,,,,
CL_ACOUNTRY_S404008VD1,Analysis Country,S404008,text,,"Saint Martin (French Part); Saint Martin, French",,,,,STD.CT.SDTM.20240329,2025-04-27,Draft,S30300169,"Saint Martin (French Part); Saint Martin, French",,,,Yes,2025-04-27,Draft,S404008,,,,
CL_ACOUNTRY_S404008VD1,Analysis Country,S404008,text,,Saint Pierre and Miquelon,,,,,STD.CT.SDTM.20240329,2025-04-27,Draft,S30300236,Saint Pierre and Miquelon,,,,Yes,2025-04-27,Draft,S404008,,,,
CL_ACOUNTRY_S404008VD1,Analysis Country,S404008,text,,Saint Vincent and the Grenadines,,,,,STD.CT.SDTM.20240329,2025-04-27,Draft,S30300270,Saint Vincent and the Grenadines,,,,Yes,2025-04-27,Draft,S404008,,,,
CL_ACOUNTRY_S404008VD1,Analysis Country,S404008,text,,Samoa,,,,,STD.CT.SDTM.20240329,2025-04-27,Draft,S30300277,Samoa,,,,Yes,2025-04-27,Draft,S404008,,,,
CL_ACOUNTRY_S404008VD1,Analysis Country,S404008,text,,San Marino,,,,,STD.CT.SDTM.20240329,2025-04-27,Draft,S30300234,San Marino,,,,Yes,2025-04-27,Draft,S404008,,,,
CL_ACOUNTRY_S404008VD1,Analysis Country,S404008,text,,Sao Tome and Principe,,,,,STD.CT.SDTM.20240329,2025-04-27,Draft,S30300239,Sao Tome and Principe,,,,Yes,2025-04-27,Draft,S404008,,,,
CL_ACOUNTRY_S404008VD1,Analysis Country,S404008,text,,Saudi Arabia,,,,,STD.CT.SDTM.20240329,2025-04-27,Draft,S30300224,Saudi Arabia,,,,Yes,2025-04-27,Draft,S404008,,,,
CL_ACOUNTRY_S404008VD1,Analysis Country,S404008,text,,Senegal,,,,,STD.CT.SDTM.20240329,2025-04-27,Draft,S30300226,Senegal,,,,Yes,2025-04-27,Draft,S404008,,,,
CL_ACOUNTRY_S404008VD1,Analysis Country,S404008,text,,Serbia,,,,,STD.CT.SDTM.20240329,2025-04-27,Draft,S30300237,Serbia,,,,Yes,2025-04-27,Draft,S404008,,,,
CL_ACOUNTRY_S404008VD1,Analysis Country,S404008,text,,Seychelles,,,,,STD.CT.SDTM.20240329,2025-04-27,Draft,S30300246,Seychelles,,,,Yes,2025-04-27,Draft,S404008,,,,
CL_ACOUNTRY_S404008VD1,Analysis Country,S404008,text,,Sierra Leone,,,,,STD.CT.SDTM.20240329,2025-04-27,Draft,S30300232,Sierra Leone,,,,Yes,2025-04-27,Draft,S404008,,,,
CL_ACOUNTRY_S404008VD1,Analysis Country,S404008,text,,Singapore,,,,,STD.CT.SDTM.20240329,2025-04-27,Draft,S30300227,Singapore,,,,Yes,2025-04-27,Draft,S404008,,,,
CL_ACOUNTRY_S404008VD1,Analysis Country,S404008,text,,Sint Maarten (Dutch Part); Sint Maarten (Dutch),,,,,STD.CT.SDTM.20240329,2025-04-27,Draft,S30300245,Sint Maarten (Dutch Part); Sint Maarten (Dutch),,,,Yes,2025-04-27,Draft,S404008,,,,
CL_ACOUNTRY_S404008VD1,Analysis Country,S404008,text,,Slovakia,,,,,STD.CT.SDTM.20240329,2025-04-27,Draft,S30300241,Slovakia,,,,Yes,2025-04-27,Draft,S404008,,,,
CL_ACOUNTRY_S404008VD1,Analysis Country,S404008,text,,Slovenia,,,,,STD.CT.SDTM.20240329,2025-04-27,Draft,S30300242,Slovenia,,,,Yes,2025-04-27,Draft,S404008,,,,
CL_ACOUNTRY_S404008VD1,Analysis Country,S404008,text,,Solomon Islands,,,,,STD.CT.SDTM.20240329,2025-04-27,Draft,S30300231,Solomon Islands,,,,Yes,2025-04-27,Draft,S404008,,,,
CL_ACOUNTRY_S404008VD1,Analysis Country,S404008,text,,Somalia,,,,,STD.CT.SDTM.20240329,2025-04-27,Draft,S30300235,Somalia,,,,Yes,2025-04-27,Draft,S404008,,,,
CL_ACOUNTRY_S404008VD1,Analysis Country,S404008,text,,South Africa,,,,,STD.CT.SDTM.20240329,2025-04-27,Draft,S30300279,South Africa,,,,Yes,2025-04-27,Draft,S404008,,,,
CL_ACOUNTRY_S404008VD1,Analysis Country,S404008,text,,South Georgia and the South Sandwich Islands,,,,,STD.CT.SDTM.20240329,2025-04-27,Draft,S30300228,South Georgia and the South Sandwich Islands,,,,Yes,2025-04-27,Draft,S404008,,,,
CL_ACOUNTRY_S404008VD1,Analysis Country,S404008,text,,South Sudan,,,,,STD.CT.SDTM.20240329,2025-04-27,Draft,S30300238,South Sudan,,,,Yes,2025-04-27,Draft,S404008,,,,
CL_ACOUNTRY_S404008VD1,Analysis Country,S404008,text,,Spain,,,,,STD.CT.SDTM.20240329,2025-04-27,Draft,S30300102,Spain,,,,Yes,2025-04-27,Draft,S404008,,,,
CL_ACOUNTRY_S404008VD1,Analysis Country,S404008,text,,Sri Lanka,,,,,STD.CT.SDTM.20240329,2025-04-27,Draft,S30300163,Sri Lanka,,,,Yes,2025-04-27,Draft,S404008,,,,
CL_ACOUNTRY_S404008VD1,Analysis Country,S404008,text,,Sudan,,,,,STD.CT.SDTM.20240329,2025-04-27,Draft,S30300225,Sudan,,,,Yes,2025-04-27,Draft,S404008,,,,
CL_ACOUNTRY_S404008VD1,Analysis Country,S404008,text,,Suriname,,,,,STD.CT.SDTM.20240329,2025-04-27,Draft,S30300240,Suriname,,,,Yes,2025-04-27,Draft,S404008,,,,
CL_ACOUNTRY_S404008VD1,Analysis Country,S404008,text,,Svalbard and Jan Mayen,,,,,STD.CT.SDTM.20240329,2025-04-27,Draft,S30300230,Svalbard and Jan Mayen,,,,Yes,2025-04-27,Draft,S404008,,,,
CL_ACOUNTRY_S404008VD1,Analysis Country,S404008,text,,Swaziland,,,,,STD.CT.SDTM.20240329,2025-04-27,Draft,S30300244,Swaziland,,,,Yes,2025-04-27,Draft,S404008,,,,
CL_ACOUNTRY_S404008VD1,Analysis Country,S404008,text,,Sweden,,,,,STD.CT.SDTM.20240329,2025-04-27,Draft,S30300243,Sweden,,,,Yes,2025-04-27,Draft,S404008,,,,
CL_ACOUNTRY_S404008VD1,Analysis Country,S404008,text,,Switzerland,,,,,STD.CT.SDTM.20240329,2025-04-27,Draft,S3030074,Switzerland,,,,Yes,2025-04-27,Draft,S404008,,,,
CL_ACOUNTRY_S404008VD1,Analysis Country,S404008,text,,Syrian Arab Republic,,,,,STD.CT.SDTM.20240329,2025-04-27,Draft,S30300247,Syrian Arab Republic,,,,Yes,2025-04-27,Draft,S404008,,,,
CL_ACOUNTRY_S404008VD1,Analysis Country,S404008,text,,Taiwan,,,,,STD.CT.SDTM.20240329,2025-04-27,Draft,S30300261,Taiwan,,,,Yes,2025-04-27,Draft,S404008,,,,
CL_ACOUNTRY_S404008VD1,Analysis Country,S404008,text,,Tajikistan,,,,,STD.CT.SDTM.20240329,2025-04-27,Draft,S30300252,Tajikistan,,,,Yes,2025-04-27,Draft,S404008,,,,
CL_ACOUNTRY_S404008VD1,Analysis Country,S404008,text,,"Tanzania, United Republic of",,,,,STD.CT.SDTM.20240329,2025-04-27,Draft,S30300262,"Tanzania, United Republic of",,,,Yes,2025-04-27,Draft,S404008,,,,
CL_ACOUNTRY_S404008VD1,Analysis Country,S404008,text,,Thailand,,,,,STD.CT.SDTM.20240329,2025-04-27,Draft,S30300251,Thailand,,,,Yes,2025-04-27,Draft,S404008,,,,
CL_ACOUNTRY_S404008VD1,Analysis Country,S404008,text,,Timor-Leste,,,,,STD.CT.SDTM.20240329,2025-04-27,Draft,S30300255,Timor-Leste,,,,Yes,2025-04-27,Draft,S404008,,,,
CL_ACOUNTRY_S404008VD1,Analysis Country,S404008,text,,Togo,,,,,STD.CT.SDTM.20240329,2025-04-27,Draft,S30300250,Togo,,,,Yes,2025-04-27,Draft,S404008,,,,
CL_ACOUNTRY_S404008VD1,Analysis Country,S404008,text,,Tokelau,,,,,STD.CT.SDTM.20240329,2025-04-27,Draft,S30300253,Tokelau,,,,Yes,2025-04-27,Draft,S404008,,,,
CL_ACOUNTRY_S404008VD1,Analysis Country,S404008,text,,Tonga,,,,,STD.CT.SDTM.20240329,2025-04-27,Draft,S30300256,Tonga,,,,Yes,2025-04-27,Draft,S404008,,,,
CL_ACOUNTRY_S404008VD1,Analysis Country,S404008,text,,Trinidad and Tobago,,,,,STD.CT.SDTM.20240329,2025-04-27,Draft,S30300257,Trinidad and Tobago,,,,Yes,2025-04-27,Draft,S404008,,,,
CL_ACOUNTRY_S404008VD1,Analysis Country,S404008,text,,Tunisia,,,,,STD.CT.SDTM.20240329,2025-04-27,Draft,S30300258,Tunisia,,,,Yes,2025-04-27,Draft,S404008,,,,
CL_ACOUNTRY_S404008VD1,Analysis Country,S404008,text,,Turkey,,,,,STD.CT.SDTM.20240329,2025-04-27,Draft,S30300259,Turkey,,,,Yes,2025-04-27,Draft,S404008,,,,
CL_ACOUNTRY_S404008VD1,Analysis Country,S404008,text,,Turkmenistan,,,,,STD.CT.SDTM.20240329,2025-04-27,Draft,S30300254,Turkmenistan,,,,Yes,2025-04-27,Draft,S404008,,,,
CL_ACOUNTRY_S404008VD1,Analysis Country,S404008,text,,Turks and Caicos Islands,,,,,STD.CT.SDTM.20240329,2025-04-27,Draft,S30300248,Turks and Caicos Islands,,,,Yes,2025-04-27,Draft,S404008,,,,
CL_ACOUNTRY_S404008VD1,Analysis Country,S404008,text,,Tuvalu,,,,,STD.CT.SDTM.20240329,2025-04-27,Draft,S30300260,Tuvalu,,,,Yes,2025-04-27,Draft,S404008,,,,
CL_ACOUNTRY_S404008VD1,Analysis Country,S404008,text,,Uganda,,,,,STD.CT.SDTM.20240329,2025-04-27,Draft,S30300263,Uganda,,,,Yes,2025-04-27,Draft,S404008,,,,
CL_ACOUNTRY_S404008VD1,Analysis Country,S404008,text,,Ukraine,,,,,STD.CT.SDTM.20240329,2025-04-27,Draft,S30300264,Ukraine,,,,Yes,2025-04-27,Draft,S404008,,,,
CL_ACOUNTRY_S404008VD1,Analysis Country,S404008,text,,United Arab Emirates,,,,,STD.CT.SDTM.20240329,2025-04-27,Draft,S3030040,United Arab Emirates,,,,Yes,2025-04-27,Draft,S404008,,,,
CL_ACOUNTRY_S404008VD1,Analysis Country,S404008,text,,United Kingdom,,,,,STD.CT.SDTM.20240329,2025-04-27,Draft,S30300112,United Kingdom,,,,Yes,2025-04-27,Draft,S404008,,,,
CL_ACOUNTRY_S404008VD1,Analysis Country,S404008,text,,United States,,,,,STD.CT.SDTM.20240329,2025-04-27,Draft,S30300267,United States,,,,Yes,2025-04-27,Draft,S404008,,,,
CL_ACOUNTRY_S404008VD1,Analysis Country,S404008,text,,United States Minor Outlying Islands,,,,,STD.CT.SDTM.20240329,2025-04-27,Draft,S30300265,United States Minor Outlying Islands,,,,Yes,2025-04-27,Draft,S404008,,,,
CL_ACOUNTRY_S404008VD1,Analysis Country,S404008,text,,Uruguay,,,,,STD.CT.SDTM.20240329,2025-04-27,Draft,S30300266,Uruguay,,,,Yes,2025-04-27,Draft,S404008,,,,
CL_ACOUNTRY_S404008VD1,Analysis Country,S404008,text,,Uzbekistan,,,,,STD.CT.SDTM.20240329,2025-04-27,Draft,S30300268,Uzbekistan,,,,Yes,2025-04-27,Draft,S404008,,,,
CL_ACOUNTRY_S404008VD1,Analysis Country,S404008,text,,Vanuatu,,,,,STD.CT.SDTM.20240329,2025-04-27,Draft,S30300275,Vanuatu,,,,Yes,2025-04-27,Draft,S404008,,,,
CL_ACOUNTRY_S404008VD1,Analysis Country,S404008,text,,Vatican City State,,,,,STD.CT.SDTM.20240329,2025-04-27,Draft,S30300269,Vatican City State,,,,Yes,2025-04-27,Draft,S404008,,,,
CL_ACOUNTRY_S404008VD1,Analysis Country,S404008,text,,"Venezuela; Venezuela, Bolivarian Republic of",,,,,STD.CT.SDTM.20240329,2025-04-27,Draft,S30300271,"Venezuela; Venezuela, Bolivarian Republic of",,,,Yes,2025-04-27,Draft,S404008,,,,
CL_ACOUNTRY_S404008VD1,Analysis Country,S404008,text,,Viet Nam; Vietnam,,,,,STD.CT.SDTM.20240329,2025-04-27,Draft,S30300274,Viet Nam; Vietnam,,,,Yes,2025-04-27,Draft,S404008,,,,
CL_ACOUNTRY_S404008VD1,Analysis Country,S404008,text,,"Virgin Islands, British",,,,,STD.CT.SDTM.20240329,2025-04-27,Draft,S30300272,"Virgin Islands, British",,,,Yes,2025-04-27,Draft,S404008,,,,
CL_ACOUNTRY_S404008VD1,Analysis Country,S404008,text,,"Virgin Islands, U.S.",,,,,STD.CT.SDTM.20240329,2025-04-27,Draft,S30300273,"Virgin Islands, U.S.",,,,Yes,2025-04-27,Draft,S404008,,,,
CL_ACOUNTRY_S404008VD1,Analysis Country,S404008,text,,Wallis and Futuna,,,,,STD.CT.SDTM.20240329,2025-04-27,Draft,S30300276,Wallis and Futuna,,,,Yes,2025-04-27,Draft,S404008,,,,
CL_ACOUNTRY_S404008VD1,Analysis Country,S404008,text,,Western Sahara,,,,,STD.CT.SDTM.20240329,2025-04-27,Draft,S30300101,Western Sahara,,,,Yes,2025-04-27,Draft,S404008,,,,
CL_ACOUNTRY_S404008VD1,Analysis Country,S404008,text,,Yemen,,,,,STD.CT.SDTM.20240329,2025-04-27,Draft,S30300278,Yemen,,,,Yes,2025-04-27,Draft,S404008,,,,
CL_ACOUNTRY_S404008VD1,Analysis Country,S404008,text,,Zambia,,,,,STD.CT.SDTM.20240329,2025-04-27,Draft,S30300280,Zambia,,,,Yes,2025-04-27,Draft,S404008,,,,
CL_ACOUNTRY_S404008VD1,Analysis Country,S404008,text,,Zimbabwe,,,,,STD.CT.SDTM.20240329,2025-04-27,Draft,S30300281,Zimbabwe,,,,Yes,2025-04-27,Draft,S404008,,,,
CL_DATEFL_S4040026VD1,Date Imputation Flag,S4040026,text,,D,,,,,STD.CT.SDTM.20240329,2025-04-27,Draft,S30300309,D,,,,Yes,2025-04-27,Draft,S4040026,,,,
CL_DATEFL_S4040026VD1,Date Imputation Flag,S4040026,text,,M,,,,,STD.CT.SDTM.20240329,2024-09-29,Draft,C20197,M,Male,"A person who belongs to the sex that normally produces sperm. The term is used
                            to indicate biological sex distinctions, cultural gender role distinctions, or both. (NCI)
                        ",Male,Yes,2025-04-27,Draft,S4040026,,,,
CL_DATEFL_S4040026VD1,Date Imputation Flag,S4040026,text,,Y,,,,,STD.CT.SDTM.20240329,2024-09-29,Draft,C49488,Y,Yes,The affirmative response to a question. (NCI),Yes,Yes,2025-04-27,Draft,S4040026,,,,
CL_ARACEN_S404006VD1,Analysis Race (N),S404006,text,,10,,,,,STD.CT.SDTM.20240329,2025-04-27,Draft,S3030027,10,,,,No,2025-04-27,Draft,S404006,,,,
CL_ARACEN_S404006VD1,Analysis Race (N),S404006,text,,11,,,,,STD.CT.SDTM.20240329,2025-04-27,Draft,S3030028,11,,,,No,2025-04-27,Draft,S404006,,,,
CL_ARACEN_S404006VD1,Analysis Race (N),S404006,text,,12,,,,,STD.CT.SDTM.20240329,2025-04-27,Draft,S3030029,12,,,,No,2025-04-27,Draft,S404006,,,,
CL_ARACEN_S404006VD1,Analysis Race (N),S404006,text,,13,,,,,STD.CT.SDTM.20240329,2025-04-27,Draft,S3030030,13,,,,No,2025-04-27,Draft,S404006,,,,
CL_ARACEN_S404006VD1,Analysis Race (N),S404006,text,,14,,,,,STD.CT.SDTM.20240329,2025-04-27,Draft,S3030031,14,,,,No,2025-04-27,Draft,S404006,,,,
CL_ARACEN_S404006VD1,Analysis Race (N),S404006,text,,15,,,,,STD.CT.SDTM.20240329,2025-04-27,Draft,S3030032,15,,,,No,2025-04-27,Draft,S404006,,,,
CL_ARACEN_S404006VD1,Analysis Race (N),S404006,text,,16,,,,,STD.CT.SDTM.20240329,2025-04-27,Draft,S30300294,16,,,,No,2025-04-27,Draft,S404006,,,,
CL_ARACEN_S404006VD1,Analysis Race (N),S404006,text,,17,,,,,STD.CT.SDTM.20240329,2025-04-27,Draft,S30300295,17,,,,No,2025-04-27,Draft,S404006,,,,
CL_A1IND_S404001VD1,Analysis Range 1 Indicator,S404001,text,,High,,,,,STD.CT.SDTM.20240329,2025-04-27,Draft,S303001,High,,,,Yes,2025-04-27,Draft,S404001,,,,
CL_A1IND_S404001VD1,Analysis Range 1 Indicator,S404001,text,,Low,,,,,STD.CT.SDTM.20240329,2025-04-27,Draft,S303002,Low,,,,Yes,2025-04-27,Draft,S404001,,,,
CL_A1IND_S404001VD1,Analysis Range 1 Indicator,S404001,text,,Missing value,,,,,STD.CT.SDTM.20240329,2025-04-27,Draft,S303004,Missing value,,,,Yes,2025-04-27,Draft,S404001,,,,
CL_A1IND_S404001VD1,Analysis Range 1 Indicator,S404001,text,,No criteria defined for parameter,,,,,STD.CT.SDTM.20240329,2025-04-27,Draft,S303003,No criteria defined for parameter,,,,Yes,2025-04-27,Draft,S404001,,,,
CL_A1IND_S404001VD1,Analysis Range 1 Indicator,S404001,text,,Normal,,,,,STD.CT.SDTM.20240329,2024-06-04,Draft,C182846,Normal,KFSS106-Normal,"Kurtzke Functional System Scores original result for KFSS106-Normal.
                        ",,Yes,2025-04-27,Draft,S404001,,,,
CL_A1INDCD_S404002VD1,Analysis Range 1 Indicator Code,S404002,text,,H,,,,,STD.CT.SDTM.20240329,2025-04-27,Draft,S303005,H,,,,No,2025-04-27,Draft,S404002,,,,
CL_A1INDCD_S404002VD1,Analysis Range 1 Indicator Code,S404002,text,,I,,,,,STD.CT.SDTM.20240329,2025-04-27,Draft,S303006,I,,,,No,2025-04-27,Draft,S404002,,,,
CL_A1INDCD_S404002VD1,Analysis Range 1 Indicator Code,S404002,text,,L,,,,,STD.CT.SDTM.20240329,2024-09-29,Draft,C48505,L,Liter,"A unit of volume equal to one thousandth (1E-3) of a cubic meter, the cubic
                            meter being the standard derived unit of volume in the International System of Units (SI).
                        ",Liter,No,2025-04-27,Draft,S404002,,,,
CL_A1INDCD_S404002VD1,Analysis Range 1 Indicator Code,S404002,text,,N,,,,,STD.CT.SDTM.20240329,2024-09-29,Draft,C49487,N,No,The non-affirmative response to a question. (NCI),No,No,2025-04-27,Draft,S404002,,,,
CL_A1INDCD_S404002VD1,Analysis Range 1 Indicator Code,S404002,text,,U,,,,,STD.CT.SDTM.20240329,2024-09-29,Draft,C17998,U,U; UNK; Unknown,"Not known, not observed, not recorded, or refused. (NCI)",Unknown,No,2025-04-27,Draft,S404002,,,,
CL_TOXSHIFT3C_S4040015VD1,Toxicity Shift 3,S4040015,text,,Increase to Grades 2 to 3,,,,,STD.CT.SDTM.20240329,2025-04-27,Draft,S30300289,Increase to Grades 2 to 3,,,,No,2025-04-27,Draft,S4040015,,,,
CL_TOXSHIFT2C_S4040013VD1,Toxicity Shift 2,S4040013,text,,Increase to Grades 1 to 3,,,,,STD.CT.SDTM.20240329,2025-04-27,Draft,S30300288,Increase to Grades 1 to 3,,,,No,2025-04-27,Draft,S4040013,,,,
CL_ADVS_SHIFT1C_S404009VD1,Vital Signs Shift 1,S404009,text,,To High,,,,,STD.CT.SDTM.20240329,2025-04-27,Draft,S30300282,To High,,,,No,2025-04-27,Draft,S404009,,,,
CL_ADVS_SHIFT1C_S404009VD1,Vital Signs Shift 1,S404009,text,,To Low,,,,,STD.CT.SDTM.20240329,2025-04-27,Draft,S30300283,To Low,,,,No,2025-04-27,Draft,S404009,,,,
CL_ADVS_SHIFT1C_S404009VD1,Vital Signs Shift 1,S404009,text,,To Normal or No Change,,,,,STD.CT.SDTM.20240329,2025-04-27,Draft,S30300284,To Normal or No Change,,,,No,2025-04-27,Draft,S404009,,,,
CL_CHGCA1CD_S404003VD1,Change from Baseline Category 1 Code,S404003,text,,P,,,,,STD.CT.SDTM.20240329,2024-09-29,Draft,C154857,P,Poise,A unit of dynamic viscosity equal to one pascal-second.,Poise,No,2025-04-27,Draft,S404003,,,,
CL_CHGCA1CD_S404003VD1,Change from Baseline Category 1 Code,S404003,text,,R,,,,,STD.CT.SDTM.20240329,2025-04-27,Draft,S303007,R,,,,No,2025-04-27,Draft,S404003,,,,
CL_ADVS_TOXSHIFT1C_S4040011VD1,Toxicity Shift 1,S4040011,text,,Increase to Grade 1,,,,,STD.CT.SDTM.20240329,2025-04-27,Draft,S30300285,Increase to Grade 1,,,,No,2025-04-27,Draft,S4040011,,,,
CL_ADVS_TOXSHIFT1C_S4040011VD1,Toxicity Shift 1,S4040011,text,,Increase to Grade 2,,,,,STD.CT.SDTM.20240329,2025-04-27,Draft,S30300286,Increase to Grade 2,,,,No,2025-04-27,Draft,S4040011,,,,
CL_ADVS_TOXSHIFT1C_S4040011VD1,Toxicity Shift 1,S4040011,text,,Increase to Grade 3,,,,,STD.CT.SDTM.20240329,2025-04-27,Draft,S30300287,Increase to Grade 3,,,,No,2025-04-27,Draft,S4040011,,,,
CL_AGEU_GSKC66781VD1,Age Unit,C66781,text,4,WEEKS,,,,,STD.CT.SDTM.20240329,2024-09-29,Draft,C29844,WEEKS,Week,Any period of seven consecutive days. (NCI),Week,No,2025-04-02,Draft,C66781,Age Unit,Age Unit,"Those units of time that are routinely used to express the age of a subject.
                    ",NULL
CL_AGEU_GSKC66781VD1,Age Unit,C66781,text,5,YEARS,,,,,STD.CT.SDTM.20240329,2024-09-29,Draft,C29848,YEARS,Year,"The period of time that it takes for Earth to make a complete revolution around
                            the sun, approximately 365 days; a specific one year period. (NCI)
                        ",Year,No,2025-04-02,Draft,C66781,Age Unit,Age Unit,"Those units of time that are routinely used to express the age of a subject.
                    ",NULL
CL_AGEU_GSKC66781VD1,Age Unit,C66781,text,3,MONTHS,,,,,STD.CT.SDTM.20240329,2024-09-29,Draft,C29846,MONTHS,Month,"One of the 12 divisions of a year as determined by a calendar. It corresponds to
                            the unit of time of approximately to one cycle of the moon's phases, about 30 days or 4
                            weeks. (NCI)
                        ",Month,No,2025-04-02,Draft,C66781,Age Unit,Age Unit,"Those units of time that are routinely used to express the age of a subject.
                    ",NULL
CL_AGEU_GSKC66781VD1,Age Unit,C66781,text,2,HOURS,,,,,STD.CT.SDTM.20240329,2024-09-29,Draft,C25529,HOURS,h; Hours; hr,A unit of measurement of time equal to 60 minutes.,Hour,No,2025-04-02,Draft,C66781,Age Unit,Age Unit,"Those units of time that are routinely used to express the age of a subject.
                    ",NULL
CL_AGEU_GSKC66781VD1,Age Unit,C66781,text,1,DAYS,,,,,STD.CT.SDTM.20240329,2024-09-29,Draft,C25301,DAYS,,A unit of measurement of time equal to 24 hours.,Day,No,2025-04-02,Draft,C66781,Age Unit,Age Unit,"Those units of time that are routinely used to express the age of a subject.
                    ",NULL
CL_COUNTRY_GSKS980006VD1,Country,S980006,text,223,TLS,,,,,STD.CT.SDTM.20240329,2025-04-01,Draft,S2000251,TLS,,,,Yes,2025-04-02,Draft,S980006,,,,
CL_COUNTRY_GSKS980006VD1,Country,S980006,text,236,UZB,,,,,STD.CT.SDTM.20240329,2025-04-01,Draft,S2000193,UZB,,,,Yes,2025-04-02,Draft,S980006,,,,
CL_COUNTRY_GSKS980006VD1,Country,S980006,text,244,WLF,,,,,STD.CT.SDTM.20240329,2025-04-01,Draft,S2000214,WLF,,,,Yes,2025-04-02,Draft,S980006,,,,
CL_COUNTRY_GSKS980006VD1,Country,S980006,text,237,VAT,,,,,STD.CT.SDTM.20240329,2025-04-01,Draft,S2000199,VAT,,,,Yes,2025-04-02,Draft,S980006,,,,
CL_COUNTRY_GSKS980006VD1,Country,S980006,text,215,SYR,,,,,STD.CT.SDTM.20240329,2025-04-01,Draft,S2000241,SYR,,,,Yes,2025-04-02,Draft,S980006,,,,
CL_COUNTRY_GSKS980006VD1,Country,S980006,text,214,SYC,,,,,STD.CT.SDTM.20240329,2025-04-01,Draft,S2000191,SYC,,,,Yes,2025-04-02,Draft,S980006,,,,
CL_COUNTRY_GSKS980006VD1,Country,S980006,text,238,VCT,,,,,STD.CT.SDTM.20240329,2025-04-01,Draft,S2000267,VCT,,,,Yes,2025-04-02,Draft,S980006,,,,
CL_COUNTRY_GSKS980006VD1,Country,S980006,text,213,SXM,,,,,STD.CT.SDTM.20240329,2025-04-01,Draft,S2000204,SXM,,,,Yes,2025-04-02,Draft,S980006,,,,
CL_COUNTRY_GSKS980006VD1,Country,S980006,text,216,TCA,,,,,STD.CT.SDTM.20240329,2025-04-01,Draft,S2000266,TCA,,,,Yes,2025-04-02,Draft,S980006,,,,
CL_COUNTRY_GSKS980006VD1,Country,S980006,text,243,VUT,,,,,STD.CT.SDTM.20240329,2025-04-01,Draft,S2000194,VUT,,,,Yes,2025-04-02,Draft,S980006,,,,
CL_COUNTRY_GSKS980006VD1,Country,S980006,text,240,VGB,,,,,STD.CT.SDTM.20240329,2025-04-01,Draft,S2000208,VGB,,,,Yes,2025-04-02,Draft,S980006,,,,
CL_COUNTRY_GSKS980006VD1,Country,S980006,text,212,SWZ,,,,,STD.CT.SDTM.20240329,2025-04-01,Draft,S2000236,SWZ,,,,Yes,2025-04-02,Draft,S980006,,,,
CL_COUNTRY_GSKS980006VD1,Country,S980006,text,241,VIR,,,,,STD.CT.SDTM.20240329,2025-04-01,Draft,S2000209,VIR,,,,Yes,2025-04-02,Draft,S980006,,,,
CL_COUNTRY_GSKS980006VD1,Country,S980006,text,242,VNM,,,,,STD.CT.SDTM.20240329,2025-04-01,Draft,S2000207,VNM,,,,Yes,2025-04-02,Draft,S980006,,,,
CL_COUNTRY_GSKS980006VD1,Country,S980006,text,239,VEN,,,,,STD.CT.SDTM.20240329,2025-04-01,Draft,S2000200,VEN,,,,Yes,2025-04-02,Draft,S980006,,,,
CL_COUNTRY_GSKS980006VD1,Country,S980006,text,245,WSM,,,,,STD.CT.SDTM.20240329,2025-04-01,Draft,S2000268,WSM,,,,Yes,2025-04-02,Draft,S980006,,,,
CL_COUNTRY_GSKS980006VD1,Country,S980006,text,246,XEU,,,,,STD.CT.SDTM.20240329,2025-04-01,Draft,S2000151,XEU,,,,Yes,2025-04-02,Draft,S980006,,,,
CL_COUNTRY_GSKS980006VD1,Country,S980006,text,235,USA,,,,,STD.CT.SDTM.20240329,2025-04-01,Draft,S2000186,USA,,,,Yes,2025-04-02,Draft,S980006,,,,
CL_COUNTRY_GSKS980006VD1,Country,S980006,text,225,TTO,,,,,STD.CT.SDTM.20240329,2025-04-01,Draft,S2000260,TTO,,,,Yes,2025-04-02,Draft,S980006,,,,
CL_COUNTRY_GSKS980006VD1,Country,S980006,text,222,TKM,,,,,STD.CT.SDTM.20240329,2025-04-01,Draft,S2000265,TKM,,,,Yes,2025-04-02,Draft,S980006,,,,
CL_COUNTRY_GSKS980006VD1,Country,S980006,text,226,TUN,,,,,STD.CT.SDTM.20240329,2025-04-01,Draft,S2000261,TUN,,,,Yes,2025-04-02,Draft,S980006,,,,
CL_COUNTRY_GSKS980006VD1,Country,S980006,text,220,TJK,,,,,STD.CT.SDTM.20240329,2025-04-01,Draft,S2000246,TJK,,,,Yes,2025-04-02,Draft,S980006,,,,
CL_COUNTRY_GSKS980006VD1,Country,S980006,text,227,TUR,,,,,STD.CT.SDTM.20240329,2025-04-01,Draft,S2000262,TUR,,,,Yes,2025-04-02,Draft,S980006,,,,
CL_COUNTRY_GSKS980006VD1,Country,S980006,text,228,TUV,,,,,STD.CT.SDTM.20240329,2025-04-01,Draft,S2000270,TUV,,,,Yes,2025-04-02,Draft,S980006,,,,
CL_COUNTRY_GSKS980006VD1,Country,S980006,text,219,THA,,,,,STD.CT.SDTM.20240329,2025-04-01,Draft,S2000250,THA,,,,Yes,2025-04-02,Draft,S980006,,,,
CL_COUNTRY_GSKS980006VD1,Country,S980006,text,229,TWN,,,,,STD.CT.SDTM.20240329,2025-04-01,Draft,S2000242,TWN,,,,Yes,2025-04-02,Draft,S980006,,,,
CL_COUNTRY_GSKS980006VD1,Country,S980006,text,230,TZA,,,,,STD.CT.SDTM.20240329,2025-04-01,Draft,S2000247,TZA,,,,Yes,2025-04-02,Draft,S980006,,,,
CL_COUNTRY_GSKS980006VD1,Country,S980006,text,231,UGA,,,,,STD.CT.SDTM.20240329,2025-04-01,Draft,S2000272,UGA,,,,Yes,2025-04-02,Draft,S980006,,,,
CL_COUNTRY_GSKS980006VD1,Country,S980006,text,232,UKR,,,,,STD.CT.SDTM.20240329,2025-04-01,Draft,S2000278,UKR,,,,Yes,2025-04-02,Draft,S980006,,,,
CL_COUNTRY_GSKS980006VD1,Country,S980006,text,250,ZWE,,,,,STD.CT.SDTM.20240329,2025-04-01,Draft,S2000223,ZWE,,,,Yes,2025-04-02,Draft,S980006,,,,
CL_COUNTRY_GSKS980006VD1,Country,S980006,text,233,UMI,,,,,STD.CT.SDTM.20240329,2025-04-01,Draft,S2000271,UMI,,,,Yes,2025-04-02,Draft,S980006,,,,
CL_COUNTRY_GSKS980006VD1,Country,S980006,text,249,ZMB,,,,,STD.CT.SDTM.20240329,2025-04-01,Draft,S2000222,ZMB,,,,Yes,2025-04-02,Draft,S980006,,,,
CL_COUNTRY_GSKS980006VD1,Country,S980006,text,248,ZAF,,,,,STD.CT.SDTM.20240329,2025-04-01,Draft,S2000219,ZAF,,,,Yes,2025-04-02,Draft,S980006,,,,
CL_COUNTRY_GSKS980006VD1,Country,S980006,text,218,TGO,,,,,STD.CT.SDTM.20240329,2025-04-01,Draft,S2000252,TGO,,,,Yes,2025-04-02,Draft,S980006,,,,
CL_COUNTRY_GSKS980006VD1,Country,S980006,text,234,URY,,,,,STD.CT.SDTM.20240329,2025-04-01,Draft,S2000192,URY,,,,Yes,2025-04-02,Draft,S980006,,,,
CL_COUNTRY_GSKS980006VD1,Country,S980006,text,217,TCD,,,,,STD.CT.SDTM.20240329,2025-04-01,Draft,S2000037,TCD,,,,Yes,2025-04-02,Draft,S980006,,,,
CL_COUNTRY_GSKS980006VD1,Country,S980006,text,247,YEM,,,,,STD.CT.SDTM.20240329,2025-04-01,Draft,S2000221,YEM,,,,Yes,2025-04-02,Draft,S980006,,,,
CL_COUNTRY_GSKS980006VD1,Country,S980006,text,224,TON,,,,,STD.CT.SDTM.20240329,2025-04-01,Draft,S2000257,TON,,,,Yes,2025-04-02,Draft,S980006,,,,
CL_COUNTRY_GSKS980006VD1,Country,S980006,text,221,TKL,,,,,STD.CT.SDTM.20240329,2025-04-01,Draft,S2000256,TKL,,,,Yes,2025-04-02,Draft,S980006,,,,
CL_COUNTRY_GSKS980006VD1,Country,S980006,text,193,SDN,,,,,STD.CT.SDTM.20240329,2025-04-01,Draft,S2000227,SDN,,,,Yes,2025-04-02,Draft,S980006,,,,
CL_COUNTRY_GSKS980006VD1,Country,S980006,text,210,SVN,,,,,STD.CT.SDTM.20240329,2025-04-01,Draft,S2000206,SVN,,,,Yes,2025-04-02,Draft,S980006,,,,
CL_COUNTRY_GSKS980006VD1,Country,S980006,text,166,NIU,,,,,STD.CT.SDTM.20240329,2025-04-01,Draft,S2000201,NIU,,,,Yes,2025-04-02,Draft,S980006,,,,
CL_COUNTRY_GSKS980006VD1,Country,S980006,text,165,NIC,,,,,STD.CT.SDTM.20240329,2025-04-01,Draft,S2000188,NIC,,,,Yes,2025-04-02,Draft,S980006,,,,
CL_COUNTRY_GSKS980006VD1,Country,S980006,text,164,NGA,,,,,STD.CT.SDTM.20240329,2025-04-01,Draft,S2000196,NGA,,,,Yes,2025-04-02,Draft,S980006,,,,
CL_COUNTRY_GSKS980006VD1,Country,S980006,text,163,NFK,,,,,STD.CT.SDTM.20240329,2025-04-01,Draft,S2000202,NFK,,,,Yes,2025-04-02,Draft,S980006,,,,
CL_COUNTRY_GSKS980006VD1,Country,S980006,text,162,NER,,,,,STD.CT.SDTM.20240329,2025-04-01,Draft,S2000195,NER,,,,Yes,2025-04-02,Draft,S980006,,,,
CL_COUNTRY_GSKS980006VD1,Country,S980006,text,161,NCL,,,,,STD.CT.SDTM.20240329,2025-04-01,Draft,S2000275,NCL,,,,Yes,2025-04-02,Draft,S980006,,,,
CL_COUNTRY_GSKS980006VD1,Country,S980006,text,160,NAM,,,,,STD.CT.SDTM.20240329,2025-04-01,Draft,S2000033,NAM,,,,Yes,2025-04-02,Draft,S980006,,,,
CL_COUNTRY_GSKS980006VD1,Country,S980006,text,159,MYT,,,,,STD.CT.SDTM.20240329,2025-04-01,Draft,S2000137,MYT,,,,Yes,2025-04-02,Draft,S980006,,,,
CL_COUNTRY_GSKS980006VD1,Country,S980006,text,158,MYS,,,,,STD.CT.SDTM.20240329,2025-04-01,Draft,S2000108,MYS,,,,Yes,2025-04-02,Draft,S980006,,,,
CL_COUNTRY_GSKS980006VD1,Country,S980006,text,157,MWI,,,,,STD.CT.SDTM.20240329,2025-04-01,Draft,S2000107,MWI,,,,Yes,2025-04-02,Draft,S980006,,,,
CL_COUNTRY_GSKS980006VD1,Country,S980006,text,156,MUS,,,,,STD.CT.SDTM.20240329,2025-04-01,Draft,S2000136,MUS,,,,Yes,2025-04-02,Draft,S980006,,,,
CL_COUNTRY_GSKS980006VD1,Country,S980006,text,155,MTQ,,,,,STD.CT.SDTM.20240329,2025-04-01,Draft,S2000127,MTQ,,,,Yes,2025-04-02,Draft,S980006,,,,
CL_COUNTRY_GSKS980006VD1,Country,S980006,text,195,SGP,,,,,STD.CT.SDTM.20240329,2025-04-01,Draft,S2000198,SGP,,,,Yes,2025-04-02,Draft,S980006,,,,
CL_COUNTRY_GSKS980006VD1,Country,S980006,text,154,MSR,,,,,STD.CT.SDTM.20240329,2025-04-01,Draft,S2000165,MSR,,,,Yes,2025-04-02,Draft,S980006,,,,
CL_COUNTRY_GSKS980006VD1,Country,S980006,text,196,SGS,,,,,STD.CT.SDTM.20240329,2025-04-01,Draft,S2000253,SGS,,,,Yes,2025-04-02,Draft,S980006,,,,
CL_COUNTRY_GSKS980006VD1,Country,S980006,text,153,MRT,,,,,STD.CT.SDTM.20240329,2025-04-01,Draft,S2000128,MRT,,,,Yes,2025-04-02,Draft,S980006,,,,
CL_COUNTRY_GSKS980006VD1,Country,S980006,text,197,SHN,,,,,STD.CT.SDTM.20240329,2025-04-01,Draft,S2000255,SHN,,,,Yes,2025-04-02,Draft,S980006,,,,
CL_COUNTRY_GSKS980006VD1,Country,S980006,text,198,SJM,,,,,STD.CT.SDTM.20240329,2025-04-01,Draft,S2000233,SJM,,,,Yes,2025-04-02,Draft,S980006,,,,
CL_COUNTRY_GSKS980006VD1,Country,S980006,text,152,MOZ,,,,,STD.CT.SDTM.20240329,2025-04-01,Draft,S2000176,MOZ,,,,Yes,2025-04-02,Draft,S980006,,,,
CL_COUNTRY_GSKS980006VD1,Country,S980006,text,199,SLB,,,,,STD.CT.SDTM.20240329,2025-04-01,Draft,S2000212,SLB,,,,Yes,2025-04-02,Draft,S980006,,,,
CL_COUNTRY_GSKS980006VD1,Country,S980006,text,200,SLE,,,,,STD.CT.SDTM.20240329,2025-04-01,Draft,S2000197,SLE,,,,Yes,2025-04-02,Draft,S980006,,,,
CL_COUNTRY_GSKS980006VD1,Country,S980006,text,167,NLD,,,,,STD.CT.SDTM.20240329,2025-04-01,Draft,S2000274,NLD,,,,Yes,2025-04-02,Draft,S980006,,,,
CL_COUNTRY_GSKS980006VD1,Country,S980006,text,168,NOR,,,,,STD.CT.SDTM.20240329,2025-04-01,Draft,S2000210,NOR,,,,Yes,2025-04-02,Draft,S980006,,,,
CL_COUNTRY_GSKS980006VD1,Country,S980006,text,169,NPL,,,,,STD.CT.SDTM.20240329,2025-04-01,Draft,S2000273,NPL,,,,Yes,2025-04-02,Draft,S980006,,,,
CL_COUNTRY_GSKS980006VD1,Country,S980006,text,170,NRU,,,,,STD.CT.SDTM.20240329,2025-04-01,Draft,S2000034,NRU,,,,Yes,2025-04-02,Draft,S980006,,,,
CL_COUNTRY_GSKS980006VD1,Country,S980006,text,192,SAU,,,,,STD.CT.SDTM.20240329,2025-04-01,Draft,S2000277,SAU,,,,Yes,2025-04-02,Draft,S980006,,,,
CL_COUNTRY_GSKS980006VD1,Country,S980006,text,191,RWA,,,,,STD.CT.SDTM.20240329,2025-04-01,Draft,S2000249,RWA,,,,Yes,2025-04-02,Draft,S980006,,,,
CL_COUNTRY_GSKS980006VD1,Country,S980006,text,190,RUS,,,,,STD.CT.SDTM.20240329,2025-04-01,Draft,S2000248,RUS,,,,Yes,2025-04-02,Draft,S980006,,,,
CL_COUNTRY_GSKS980006VD1,Country,S980006,text,189,ROU,,,,,STD.CT.SDTM.20240329,2025-04-01,Draft,S2000245,ROU,,,,Yes,2025-04-02,Draft,S980006,,,,
CL_COUNTRY_GSKS980006VD1,Country,S980006,text,188,REU,,,,,STD.CT.SDTM.20240329,2025-04-01,Draft,S2000244,REU,,,,Yes,2025-04-02,Draft,S980006,,,,
CL_COUNTRY_GSKS980006VD1,Country,S980006,text,187,QAT,,,,,STD.CT.SDTM.20240329,2025-04-01,Draft,S2000243,QAT,,,,Yes,2025-04-02,Draft,S980006,,,,
CL_COUNTRY_GSKS980006VD1,Country,S980006,text,186,PYF,,,,,STD.CT.SDTM.20240329,2025-04-01,Draft,S2000038,PYF,,,,Yes,2025-04-02,Draft,S980006,,,,
CL_COUNTRY_GSKS980006VD1,Country,S980006,text,185,PSE,,,,,STD.CT.SDTM.20240329,2025-04-01,Draft,S2000218,PSE,,,,Yes,2025-04-02,Draft,S980006,,,,
CL_COUNTRY_GSKS980006VD1,Country,S980006,text,184,PRY,,,,,STD.CT.SDTM.20240329,2025-04-01,Draft,S2000229,PRY,,,,Yes,2025-04-02,Draft,S980006,,,,
CL_COUNTRY_GSKS980006VD1,Country,S980006,text,183,PRT,,,,,STD.CT.SDTM.20240329,2025-04-01,Draft,S2000239,PRT,,,,Yes,2025-04-02,Draft,S980006,,,,
CL_COUNTRY_GSKS980006VD1,Country,S980006,text,151,MNP,,,,,STD.CT.SDTM.20240329,2025-04-01,Draft,S2000203,MNP,,,,Yes,2025-04-02,Draft,S980006,,,,
CL_COUNTRY_GSKS980006VD1,Country,S980006,text,182,PRK,,,,,STD.CT.SDTM.20240329,2025-04-01,Draft,S2000041,PRK,,,,Yes,2025-04-02,Draft,S980006,,,,
CL_COUNTRY_GSKS980006VD1,Country,S980006,text,180,POL,,,,,STD.CT.SDTM.20240329,2025-04-01,Draft,S2000235,POL,,,,Yes,2025-04-02,Draft,S980006,,,,
CL_COUNTRY_GSKS980006VD1,Country,S980006,text,179,PNG,,,,,STD.CT.SDTM.20240329,2025-04-01,Draft,S2000225,PNG,,,,Yes,2025-04-02,Draft,S980006,,,,
CL_COUNTRY_GSKS980006VD1,Country,S980006,text,178,PLW,,,,,STD.CT.SDTM.20240329,2025-04-01,Draft,S2000217,PLW,,,,Yes,2025-04-02,Draft,S980006,,,,
CL_COUNTRY_GSKS980006VD1,Country,S980006,text,177,PHL,,,,,STD.CT.SDTM.20240329,2025-04-01,Draft,S2000231,PHL,,,,Yes,2025-04-02,Draft,S980006,,,,
CL_COUNTRY_GSKS980006VD1,Country,S980006,text,176,PER,,,,,STD.CT.SDTM.20240329,2025-04-01,Draft,S2000230,PER,,,,Yes,2025-04-02,Draft,S980006,,,,
CL_COUNTRY_GSKS980006VD1,Country,S980006,text,175,PCN,,,,,STD.CT.SDTM.20240329,2025-04-01,Draft,S2000234,PCN,,,,Yes,2025-04-02,Draft,S980006,,,,
CL_COUNTRY_GSKS980006VD1,Country,S980006,text,174,PAN,,,,,STD.CT.SDTM.20240329,2025-04-01,Draft,S2000224,PAN,,,,Yes,2025-04-02,Draft,S980006,,,,
CL_COUNTRY_GSKS980006VD1,Country,S980006,text,173,PAK,,,,,STD.CT.SDTM.20240329,2025-04-01,Draft,S2000216,PAK,,,,Yes,2025-04-02,Draft,S980006,,,,
CL_COUNTRY_GSKS980006VD1,Country,S980006,text,172,OMN,,,,,STD.CT.SDTM.20240329,2025-04-01,Draft,S2000211,OMN,,,,Yes,2025-04-02,Draft,S980006,,,,
CL_COUNTRY_GSKS980006VD1,Country,S980006,text,171,NZL,,,,,STD.CT.SDTM.20240329,2025-04-01,Draft,S2000187,NZL,,,,Yes,2025-04-02,Draft,S980006,,,,
CL_COUNTRY_GSKS980006VD1,Country,S980006,text,181,PRI,,,,,STD.CT.SDTM.20240329,2025-04-01,Draft,S2000240,PRI,,,,Yes,2025-04-02,Draft,S980006,,,,
CL_COUNTRY_GSKS980006VD1,Country,S980006,text,150,MNG,,,,,STD.CT.SDTM.20240329,2025-04-01,Draft,S2000157,MNG,,,,Yes,2025-04-02,Draft,S980006,,,,
CL_COUNTRY_GSKS980006VD1,Country,S980006,text,149,MNE,,,,,STD.CT.SDTM.20240329,2025-04-01,Draft,S2000164,MNE,,,,Yes,2025-04-02,Draft,S980006,,,,
CL_COUNTRY_GSKS980006VD1,Country,S980006,text,148,MMR,,,,,STD.CT.SDTM.20240329,2025-04-01,Draft,S2000177,MMR,,,,Yes,2025-04-02,Draft,S980006,,,,
CL_COUNTRY_GSKS980006VD1,Country,S980006,text,126,LBN,,,,,STD.CT.SDTM.20240329,2025-04-01,Draft,S2000061,LBN,,,,Yes,2025-04-02,Draft,S980006,,,,
CL_COUNTRY_GSKS980006VD1,Country,S980006,text,125,LAO,,,,,STD.CT.SDTM.20240329,2025-04-01,Draft,S2000059,LAO,,,,Yes,2025-04-02,Draft,S980006,,,,
CL_COUNTRY_GSKS980006VD1,Country,S980006,text,124,KWT,,,,,STD.CT.SDTM.20240329,2025-04-01,Draft,S2000049,KWT,,,,Yes,2025-04-02,Draft,S980006,,,,
CL_COUNTRY_GSKS980006VD1,Country,S980006,text,123,KOR,,,,,STD.CT.SDTM.20240329,2025-04-01,Draft,S2000042,KOR,,,,Yes,2025-04-02,Draft,S980006,,,,
CL_COUNTRY_GSKS980006VD1,Country,S980006,text,122,KNA,,,,,STD.CT.SDTM.20240329,2025-04-01,Draft,S2000258,KNA,,,,Yes,2025-04-02,Draft,S980006,,,,
CL_COUNTRY_GSKS980006VD1,Country,S980006,text,121,KIR,,,,,STD.CT.SDTM.20240329,2025-04-01,Draft,S2000040,KIR,,,,Yes,2025-04-02,Draft,S980006,,,,
CL_COUNTRY_GSKS980006VD1,Country,S980006,text,120,KHM,,,,,STD.CT.SDTM.20240329,2025-04-01,Draft,S2000167,KHM,,,,Yes,2025-04-02,Draft,S980006,,,,
CL_COUNTRY_GSKS980006VD1,Country,S980006,text,207,STP,,,,,STD.CT.SDTM.20240329,2025-04-01,Draft,S2000276,STP,,,,Yes,2025-04-02,Draft,S980006,,,,
CL_COUNTRY_GSKS980006VD1,Country,S980006,text,119,KGZ,,,,,STD.CT.SDTM.20240329,2025-04-01,Draft,S2000050,KGZ,,,,Yes,2025-04-02,Draft,S980006,,,,
CL_COUNTRY_GSKS980006VD1,Country,S980006,text,118,KEN,,,,,STD.CT.SDTM.20240329,2025-04-01,Draft,S2000032,KEN,,,,Yes,2025-04-02,Draft,S980006,,,,
CL_COUNTRY_GSKS980006VD1,Country,S980006,text,206,SSD,,,,,STD.CT.SDTM.20240329,2025-04-01,Draft,S2000228,SSD,,,,Yes,2025-04-02,Draft,S980006,,,,
CL_COUNTRY_GSKS980006VD1,Country,S980006,text,117,KAZ,,,,,STD.CT.SDTM.20240329,2025-04-01,Draft,S2000031,KAZ,,,,Yes,2025-04-02,Draft,S980006,,,,
CL_COUNTRY_GSKS980006VD1,Country,S980006,text,116,JPN,,,,,STD.CT.SDTM.20240329,2025-04-01,Draft,S2000172,JPN,,,,Yes,2025-04-02,Draft,S980006,,,,
CL_COUNTRY_GSKS980006VD1,Country,S980006,text,115,JOR,,,,,STD.CT.SDTM.20240329,2025-04-01,Draft,S2000174,JOR,,,,Yes,2025-04-02,Draft,S980006,,,,
CL_COUNTRY_GSKS980006VD1,Country,S980006,text,194,SEN,,,,,STD.CT.SDTM.20240329,2025-04-01,Draft,S2000189,SEN,,,,Yes,2025-04-02,Draft,S980006,,,,
CL_COUNTRY_GSKS980006VD1,Country,S980006,text,114,JEY,,,,,STD.CT.SDTM.20240329,2025-04-01,Draft,S2000173,JEY,,,,Yes,2025-04-02,Draft,S980006,,,,
CL_COUNTRY_GSKS980006VD1,Country,S980006,text,113,JAM,,,,,STD.CT.SDTM.20240329,2025-04-01,Draft,S2000163,JAM,,,,Yes,2025-04-02,Draft,S980006,,,,
CL_COUNTRY_GSKS980006VD1,Country,S980006,text,112,ITA,,,,,STD.CT.SDTM.20240329,2025-04-01,Draft,S2000162,ITA,,,,Yes,2025-04-02,Draft,S980006,,,,
CL_COUNTRY_GSKS980006VD1,Country,S980006,text,111,ISR,,,,,STD.CT.SDTM.20240329,2025-04-01,Draft,S2000154,ISR,,,,Yes,2025-04-02,Draft,S980006,,,,
CL_COUNTRY_GSKS980006VD1,Country,S980006,text,110,ISL,,,,,STD.CT.SDTM.20240329,2025-04-01,Draft,S2000125,ISL,,,,Yes,2025-04-02,Draft,S980006,,,,
CL_COUNTRY_GSKS980006VD1,Country,S980006,text,109,IRQ,,,,,STD.CT.SDTM.20240329,2025-04-01,Draft,S2000143,IRQ,,,,Yes,2025-04-02,Draft,S980006,,,,
CL_COUNTRY_GSKS980006VD1,Country,S980006,text,209,SVK,,,,,STD.CT.SDTM.20240329,2025-04-01,Draft,S2000205,SVK,,,,Yes,2025-04-02,Draft,S980006,,,,
CL_COUNTRY_GSKS980006VD1,Country,S980006,text,208,SUR,,,,,STD.CT.SDTM.20240329,2025-04-01,Draft,S2000232,SUR,,,,Yes,2025-04-02,Draft,S980006,,,,
CL_COUNTRY_GSKS980006VD1,Country,S980006,text,211,SWE,,,,,STD.CT.SDTM.20240329,2025-04-01,Draft,S2000237,SWE,,,,Yes,2025-04-02,Draft,S980006,,,,
CL_COUNTRY_GSKS980006VD1,Country,S980006,text,127,LBR,,,,,STD.CT.SDTM.20240329,2025-04-01,Draft,S2000070,LBR,,,,Yes,2025-04-02,Draft,S980006,,,,
CL_COUNTRY_GSKS980006VD1,Country,S980006,text,204,SPM,,,,,STD.CT.SDTM.20240329,2025-04-01,Draft,S2000264,SPM,,,,Yes,2025-04-02,Draft,S980006,,,,
CL_COUNTRY_GSKS980006VD1,Country,S980006,text,147,MLT,,,,,STD.CT.SDTM.20240329,2025-04-01,Draft,S2000117,MLT,,,,Yes,2025-04-02,Draft,S980006,,,,
CL_COUNTRY_GSKS980006VD1,Country,S980006,text,146,MLI,,,,,STD.CT.SDTM.20240329,2025-04-01,Draft,S2000116,MLI,,,,Yes,2025-04-02,Draft,S980006,,,,
CL_COUNTRY_GSKS980006VD1,Country,S980006,text,145,MKD,,,,,STD.CT.SDTM.20240329,2025-04-01,Draft,S28212,MKD,,,,Yes,2025-04-02,Draft,S980006,,,,
CL_COUNTRY_GSKS980006VD1,Country,S980006,text,144,MHL,,,,,STD.CT.SDTM.20240329,2025-04-01,Draft,S2000126,MHL,,,,Yes,2025-04-02,Draft,S980006,,,,
CL_COUNTRY_GSKS980006VD1,Country,S980006,text,143,MEX,,,,,STD.CT.SDTM.20240329,2025-04-01,Draft,S2000145,MEX,,,,Yes,2025-04-02,Draft,S980006,,,,
CL_COUNTRY_GSKS980006VD1,Country,S980006,text,142,MDV,,,,,STD.CT.SDTM.20240329,2025-04-01,Draft,S2000109,MDV,,,,Yes,2025-04-02,Draft,S980006,,,,
CL_COUNTRY_GSKS980006VD1,Country,S980006,text,141,MDG,,,,,STD.CT.SDTM.20240329,2025-04-01,Draft,S2000097,MDG,,,,Yes,2025-04-02,Draft,S980006,,,,
CL_COUNTRY_GSKS980006VD1,Country,S980006,text,140,MDA,,,,,STD.CT.SDTM.20240329,2025-04-01,Draft,S2000155,MDA,,,,Yes,2025-04-02,Draft,S980006,,,,
CL_COUNTRY_GSKS980006VD1,Country,S980006,text,139,MCO,,,,,STD.CT.SDTM.20240329,2025-04-01,Draft,S2000156,MCO,,,,Yes,2025-04-02,Draft,S980006,,,,
CL_COUNTRY_GSKS980006VD1,Country,S980006,text,138,MAR,,,,,STD.CT.SDTM.20240329,2025-04-01,Draft,S2000175,MAR,,,,Yes,2025-04-02,Draft,S980006,,,,
CL_COUNTRY_GSKS980006VD1,Country,S980006,text,205,SRB,,,,,STD.CT.SDTM.20240329,2025-04-01,Draft,S2000190,SRB,,,,Yes,2025-04-02,Draft,S980006,,,,
CL_COUNTRY_GSKS980006VD1,Country,S980006,text,201,SLV,,,,,STD.CT.SDTM.20240329,2025-04-01,Draft,S2000132,SLV,,,,Yes,2025-04-02,Draft,S980006,,,,
CL_COUNTRY_GSKS980006VD1,Country,S980006,text,135,LVA,,,,,STD.CT.SDTM.20240329,2025-04-01,Draft,S2000060,LVA,,,,Yes,2025-04-02,Draft,S980006,,,,
CL_COUNTRY_GSKS980006VD1,Country,S980006,text,134,LUX,,,,,STD.CT.SDTM.20240329,2025-04-01,Draft,S2000089,LUX,,,,Yes,2025-04-02,Draft,S980006,,,,
CL_COUNTRY_GSKS980006VD1,Country,S980006,text,133,LTU,,,,,STD.CT.SDTM.20240329,2025-04-01,Draft,S2000088,LTU,,,,Yes,2025-04-02,Draft,S980006,,,,
CL_COUNTRY_GSKS980006VD1,Country,S980006,text,132,LSO,,,,,STD.CT.SDTM.20240329,2025-04-01,Draft,S2000069,LSO,,,,Yes,2025-04-02,Draft,S980006,,,,
CL_COUNTRY_GSKS980006VD1,Country,S980006,text,202,SMR,,,,,STD.CT.SDTM.20240329,2025-04-01,Draft,S2000269,SMR,,,,Yes,2025-04-02,Draft,S980006,,,,
CL_COUNTRY_GSKS980006VD1,Country,S980006,text,131,LKA,,,,,STD.CT.SDTM.20240329,2025-04-01,Draft,S2000226,LKA,,,,Yes,2025-04-02,Draft,S980006,,,,
CL_COUNTRY_GSKS980006VD1,Country,S980006,text,203,SOM,,,,,STD.CT.SDTM.20240329,2025-04-01,Draft,S2000213,SOM,,,,Yes,2025-04-02,Draft,S980006,,,,
CL_COUNTRY_GSKS980006VD1,Country,S980006,text,130,LIE,,,,,STD.CT.SDTM.20240329,2025-04-01,Draft,S2000079,LIE,,,,Yes,2025-04-02,Draft,S980006,,,,
CL_COUNTRY_GSKS980006VD1,Country,S980006,text,129,LCA,,,,,STD.CT.SDTM.20240329,2025-04-01,Draft,S2000259,LCA,,,,Yes,2025-04-02,Draft,S980006,,,,
CL_COUNTRY_GSKS980006VD1,Country,S980006,text,128,LBY,,,,,STD.CT.SDTM.20240329,2025-04-01,Draft,S2000078,LBY,,,,Yes,2025-04-02,Draft,S980006,,,,
CL_COUNTRY_GSKS980006VD1,Country,S980006,text,136,MAC,,,,,STD.CT.SDTM.20240329,2025-04-01,Draft,S2000090,MAC,,,,Yes,2025-04-02,Draft,S980006,,,,
CL_COUNTRY_GSKS980006VD1,Country,S980006,text,137,MAF,,,,,STD.CT.SDTM.20240329,2025-04-01,Draft,S2000263,MAF,,,,Yes,2025-04-02,Draft,S980006,,,,
CL_COUNTRY_GSKS980006VD1,Country,S980006,text,86,GLP,,,,,STD.CT.SDTM.20240329,2025-04-01,Draft,S2000077,GLP,,,,Yes,2025-04-02,Draft,S980006,,,,
CL_COUNTRY_GSKS980006VD1,Country,S980006,text,36,BTN,,,,,STD.CT.SDTM.20240329,2025-04-01,Draft,S2000119,BTN,,,,Yes,2025-04-02,Draft,S980006,,,,
CL_COUNTRY_GSKS980006VD1,Country,S980006,text,21,BES,,,,,STD.CT.SDTM.20240329,2025-04-01,Draft,S2000129,BES,,,,Yes,2025-04-02,Draft,S980006,,,,
CL_COUNTRY_GSKS980006VD1,Country,S980006,text,70,ESP,,,,,STD.CT.SDTM.20240329,2025-04-01,Draft,S2000220,ESP,,,,Yes,2025-04-02,Draft,S980006,,,,
CL_COUNTRY_GSKS980006VD1,Country,S980006,text,4,AIA,,,,,STD.CT.SDTM.20240329,2025-04-01,Draft,S2000051,AIA,,,,Yes,2025-04-02,Draft,S980006,,,,
CL_COUNTRY_GSKS980006VD1,Country,S980006,text,3,AGO,,,,,STD.CT.SDTM.20240329,2025-04-01,Draft,S2000044,AGO,,,,Yes,2025-04-02,Draft,S980006,,,,
CL_COUNTRY_GSKS980006VD1,Country,S980006,text,71,EST,,,,,STD.CT.SDTM.20240329,2025-04-01,Draft,S2000141,EST,,,,Yes,2025-04-02,Draft,S980006,,,,
CL_COUNTRY_GSKS980006VD1,Country,S980006,text,2,AFG,,,,,STD.CT.SDTM.20240329,2025-04-01,Draft,S2000180,AFG,,,,Yes,2025-04-02,Draft,S980006,,,,
CL_COUNTRY_GSKS980006VD1,Country,S980006,text,22,BFA,,,,,STD.CT.SDTM.20240329,2025-04-01,Draft,S2000159,BFA,,,,Yes,2025-04-02,Draft,S980006,,,,
CL_COUNTRY_GSKS980006VD1,Country,S980006,text,95,GUM,,,,,STD.CT.SDTM.20240329,2025-04-01,Draft,S2000086,GUM,,,,Yes,2025-04-02,Draft,S980006,,,,
CL_COUNTRY_GSKS980006VD1,Country,S980006,text,54,CUB,,,,,STD.CT.SDTM.20240329,2025-04-01,Draft,S2000093,CUB,,,,Yes,2025-04-02,Draft,S980006,,,,
CL_COUNTRY_GSKS980006VD1,Country,S980006,text,1,ABW,,,,,STD.CT.SDTM.20240329,2025-04-01,Draft,S2000071,ABW,,,,Yes,2025-04-02,Draft,S980006,,,,
CL_COUNTRY_GSKS980006VD1,Country,S980006,text,96,GUY,,,,,STD.CT.SDTM.20240329,2025-04-01,Draft,S2000105,GUY,,,,Yes,2025-04-02,Draft,S980006,,,,
CL_COUNTRY_GSKS980006VD1,Country,S980006,text,72,ETH,,,,,STD.CT.SDTM.20240329,2025-04-01,Draft,S2000150,ETH,,,,Yes,2025-04-02,Draft,S980006,,,,
CL_COUNTRY_GSKS980006VD1,Country,S980006,text,23,BGD,,,,,STD.CT.SDTM.20240329,2025-04-01,Draft,S2000092,BGD,,,,Yes,2025-04-02,Draft,S980006,,,,
CL_COUNTRY_GSKS980006VD1,Country,S980006,text,97,HKG,,,,,STD.CT.SDTM.20240329,2025-04-01,Draft,S2000123,HKG,,,,Yes,2025-04-02,Draft,S980006,,,,
CL_COUNTRY_GSKS980006VD1,Country,S980006,text,98,HMD,,,,,STD.CT.SDTM.20240329,2025-04-01,Draft,S2000114,HMD,,,,Yes,2025-04-02,Draft,S980006,,,,
CL_COUNTRY_GSKS980006VD1,Country,S980006,text,53,CRI,,,,,STD.CT.SDTM.20240329,2025-04-01,Draft,S2000083,CRI,,,,Yes,2025-04-02,Draft,S980006,,,,
CL_COUNTRY_GSKS980006VD1,Country,S980006,text,99,HND,,,,,STD.CT.SDTM.20240329,2025-04-01,Draft,S2000115,HND,,,,Yes,2025-04-02,Draft,S980006,,,,
CL_COUNTRY_GSKS980006VD1,Country,S980006,text,100,HRV,,,,,STD.CT.SDTM.20240329,2025-04-01,Draft,S2000085,HRV,,,,Yes,2025-04-02,Draft,S980006,,,,
CL_COUNTRY_GSKS980006VD1,Country,S980006,text,89,GNQ,,,,,STD.CT.SDTM.20240329,2025-04-01,Draft,S2000133,GNQ,,,,Yes,2025-04-02,Draft,S980006,,,,
CL_COUNTRY_GSKS980006VD1,Country,S980006,text,101,HTI,,,,,STD.CT.SDTM.20240329,2025-04-01,Draft,S2000106,HTI,,,,Yes,2025-04-02,Draft,S980006,,,,
CL_COUNTRY_GSKS980006VD1,Country,S980006,text,24,BGR,,,,,STD.CT.SDTM.20240329,2025-04-01,Draft,S2000158,BGR,,,,Yes,2025-04-02,Draft,S980006,,,,
CL_COUNTRY_GSKS980006VD1,Country,S980006,text,102,HUN,,,,,STD.CT.SDTM.20240329,2025-04-01,Draft,S2000124,HUN,,,,Yes,2025-04-02,Draft,S980006,,,,
CL_COUNTRY_GSKS980006VD1,Country,S980006,text,52,CPV,,,,,STD.CT.SDTM.20240329,2025-04-01,Draft,S2000179,CPV,,,,Yes,2025-04-02,Draft,S980006,,,,
CL_COUNTRY_GSKS980006VD1,Country,S980006,text,73,FIN,,,,,STD.CT.SDTM.20240329,2025-04-01,Draft,S2000169,FIN,,,,Yes,2025-04-02,Draft,S980006,,,,
CL_COUNTRY_GSKS980006VD1,Country,S980006,text,57,CYM,,,,,STD.CT.SDTM.20240329,2025-04-01,Draft,S2000035,CYM,,,,Yes,2025-04-02,Draft,S980006,,,,
CL_COUNTRY_GSKS980006VD1,Country,S980006,text,103,IDN,,,,,STD.CT.SDTM.20240329,2025-04-01,Draft,S2000135,IDN,,,,Yes,2025-04-02,Draft,S980006,,,,
CL_COUNTRY_GSKS980006VD1,Country,S980006,text,51,COM,,,,,STD.CT.SDTM.20240329,2025-04-01,Draft,S2000065,COM,,,,Yes,2025-04-02,Draft,S980006,,,,
CL_COUNTRY_GSKS980006VD1,Country,S980006,text,25,BHR,,,,,STD.CT.SDTM.20240329,2025-04-01,Draft,S2000091,BHR,,,,Yes,2025-04-02,Draft,S980006,,,,
CL_COUNTRY_GSKS980006VD1,Country,S980006,text,104,IMN,,,,,STD.CT.SDTM.20240329,2025-04-01,Draft,S2000153,IMN,,,,Yes,2025-04-02,Draft,S980006,,,,
CL_COUNTRY_GSKS980006VD1,Country,S980006,text,5,ALA,,,,,STD.CT.SDTM.20240329,2025-04-01,Draft,S2000181,ALA,,,,Yes,2025-04-02,Draft,S980006,,,,
CL_COUNTRY_GSKS980006VD1,Country,S980006,text,69,ESH,,,,,STD.CT.SDTM.20240329,2025-04-01,Draft,S2000215,ESH,,,,Yes,2025-04-02,Draft,S980006,,,,
CL_COUNTRY_GSKS980006VD1,Country,S980006,text,6,ALB,,,,,STD.CT.SDTM.20240329,2025-04-01,Draft,S2000182,ALB,,,,Yes,2025-04-02,Draft,S980006,,,,
CL_COUNTRY_GSKS980006VD1,Country,S980006,text,94,GUF,,,,,STD.CT.SDTM.20240329,2025-04-01,Draft,S2000171,GUF,,,,Yes,2025-04-02,Draft,S980006,,,,
CL_COUNTRY_GSKS980006VD1,Country,S980006,text,58,CYP,,,,,STD.CT.SDTM.20240329,2025-04-01,Draft,S2000101,CYP,,,,Yes,2025-04-02,Draft,S980006,,,,
CL_COUNTRY_GSKS980006VD1,Country,S980006,text,16,AUT,,,,,STD.CT.SDTM.20240329,2025-04-01,Draft,S2000080,AUT,,,,Yes,2025-04-02,Draft,S980006,,,,
CL_COUNTRY_GSKS980006VD1,Country,S980006,text,91,GRD,,,,,STD.CT.SDTM.20240329,2025-04-01,Draft,S2000076,GRD,,,,Yes,2025-04-02,Draft,S980006,,,,
CL_COUNTRY_GSKS980006VD1,Country,S980006,text,15,AUS,,,,,STD.CT.SDTM.20240329,2025-04-01,Draft,S2000072,AUS,,,,Yes,2025-04-02,Draft,S980006,,,,
CL_COUNTRY_GSKS980006VD1,Country,S980006,text,14,ATG,,,,,STD.CT.SDTM.20240329,2025-04-01,Draft,S2000053,ATG,,,,Yes,2025-04-02,Draft,S980006,,,,
CL_COUNTRY_GSKS980006VD1,Country,S980006,text,59,CZE,,,,,STD.CT.SDTM.20240329,2025-04-01,Draft,S2000102,CZE,,,,Yes,2025-04-02,Draft,S980006,,,,
CL_COUNTRY_GSKS980006VD1,Country,S980006,text,13,ATF,,,,,STD.CT.SDTM.20240329,2025-04-01,Draft,S2000039,ATF,,,,Yes,2025-04-02,Draft,S980006,,,,
CL_COUNTRY_GSKS980006VD1,Country,S980006,text,90,GRC,,,,,STD.CT.SDTM.20240329,2025-04-01,Draft,S2000068,GRC,,,,Yes,2025-04-02,Draft,S980006,,,,
CL_COUNTRY_GSKS980006VD1,Country,S980006,text,60,DEU,,,,,STD.CT.SDTM.20240329,2025-04-01,Draft,S2000057,DEU,,,,Yes,2025-04-02,Draft,S980006,,,,
CL_COUNTRY_GSKS980006VD1,Country,S980006,text,12,ATA,,,,,STD.CT.SDTM.20240329,2025-04-01,Draft,S2000052,ATA,,,,Yes,2025-04-02,Draft,S980006,,,,
CL_COUNTRY_GSKS980006VD1,Country,S980006,text,61,DJI,,,,,STD.CT.SDTM.20240329,2025-04-01,Draft,S2000112,DJI,,,,Yes,2025-04-02,Draft,S980006,,,,
CL_COUNTRY_GSKS980006VD1,Country,S980006,text,18,BDI,,,,,STD.CT.SDTM.20240329,2025-04-01,Draft,S2000166,BDI,,,,Yes,2025-04-02,Draft,S980006,,,,
CL_COUNTRY_GSKS980006VD1,Country,S980006,text,62,DMA,,,,,STD.CT.SDTM.20240329,2025-04-01,Draft,S2000113,DMA,,,,Yes,2025-04-02,Draft,S980006,,,,
CL_COUNTRY_GSKS980006VD1,Country,S980006,text,11,ASM,,,,,STD.CT.SDTM.20240329,2025-04-01,Draft,S2000184,ASM,,,,Yes,2025-04-02,Draft,S980006,,,,
CL_COUNTRY_GSKS980006VD1,Country,S980006,text,50,COL,,,,,STD.CT.SDTM.20240329,2025-04-01,Draft,S2000064,COL,,,,Yes,2025-04-02,Draft,S980006,,,,
CL_COUNTRY_GSKS980006VD1,Country,S980006,text,56,CXR,,,,,STD.CT.SDTM.20240329,2025-04-01,Draft,S2000054,CXR,,,,Yes,2025-04-02,Draft,S980006,,,,
CL_COUNTRY_GSKS980006VD1,Country,S980006,text,92,GRL,,,,,STD.CT.SDTM.20240329,2025-04-01,Draft,S2000075,GRL,,,,Yes,2025-04-02,Draft,S980006,,,,
CL_COUNTRY_GSKS980006VD1,Country,S980006,text,10,ARM,,,,,STD.CT.SDTM.20240329,2025-04-01,Draft,S2000063,ARM,,,,Yes,2025-04-02,Draft,S980006,,,,
CL_COUNTRY_GSKS980006VD1,Country,S980006,text,19,BEL,,,,,STD.CT.SDTM.20240329,2025-04-01,Draft,S2000100,BEL,,,,Yes,2025-04-02,Draft,S980006,,,,
CL_COUNTRY_GSKS980006VD1,Country,S980006,text,64,DOM,,,,,STD.CT.SDTM.20240329,2025-04-01,Draft,S2000121,DOM,,,,Yes,2025-04-02,Draft,S980006,,,,
CL_COUNTRY_GSKS980006VD1,Country,S980006,text,9,ARG,,,,,STD.CT.SDTM.20240329,2025-04-01,Draft,S2000062,ARG,,,,Yes,2025-04-02,Draft,S980006,,,,
CL_COUNTRY_GSKS980006VD1,Country,S980006,text,93,GTM,,,,,STD.CT.SDTM.20240329,2025-04-01,Draft,S2000087,GTM,,,,Yes,2025-04-02,Draft,S980006,,,,
CL_COUNTRY_GSKS980006VD1,Country,S980006,text,65,DZA,,,,,STD.CT.SDTM.20240329,2025-04-01,Draft,S2000183,DZA,,,,Yes,2025-04-02,Draft,S980006,,,,
CL_COUNTRY_GSKS980006VD1,Country,S980006,text,20,BEN,,,,,STD.CT.SDTM.20240329,2025-04-01,Draft,S2000111,BEN,,,,Yes,2025-04-02,Draft,S980006,,,,
CL_COUNTRY_GSKS980006VD1,Country,S980006,text,8,ARE,,,,,STD.CT.SDTM.20240329,2025-04-01,Draft,S2000279,ARE,,,,Yes,2025-04-02,Draft,S980006,,,,
CL_COUNTRY_GSKS980006VD1,Country,S980006,text,66,ECU,,,,,STD.CT.SDTM.20240329,2025-04-01,Draft,S2000122,ECU,,,,Yes,2025-04-02,Draft,S980006,,,,
CL_COUNTRY_GSKS980006VD1,Country,S980006,text,67,EGY,,,,,STD.CT.SDTM.20240329,2025-04-01,Draft,S2000131,EGY,,,,Yes,2025-04-02,Draft,S980006,,,,
CL_COUNTRY_GSKS980006VD1,Country,S980006,text,55,CUW,,,,,STD.CT.SDTM.20240329,2025-04-01,Draft,S2000094,CUW,,,,Yes,2025-04-02,Draft,S980006,,,,
CL_COUNTRY_GSKS980006VD1,Country,S980006,text,68,ERI,,,,,STD.CT.SDTM.20240329,2025-04-01,Draft,S2000140,ERI,,,,Yes,2025-04-02,Draft,S980006,,,,
CL_COUNTRY_GSKS980006VD1,Country,S980006,text,7,AND,,,,,STD.CT.SDTM.20240329,2025-04-01,Draft,S2000043,AND,,,,Yes,2025-04-02,Draft,S980006,,,,
CL_COUNTRY_GSKS980006VD1,Country,S980006,text,63,DNK,,,,,STD.CT.SDTM.20240329,2025-04-01,Draft,S2000103,DNK,,,,Yes,2025-04-02,Draft,S980006,,,,
CL_COUNTRY_GSKS980006VD1,Country,S980006,text,105,IND,,,,,STD.CT.SDTM.20240329,2025-04-01,Draft,S2000134,IND,,,,Yes,2025-04-02,Draft,S980006,,,,
CL_COUNTRY_GSKS980006VD1,Country,S980006,text,17,AZE,,,,,STD.CT.SDTM.20240329,2025-04-01,Draft,S2000081,AZE,,,,Yes,2025-04-02,Draft,S980006,,,,
CL_COUNTRY_GSKS980006VD1,Country,S980006,text,47,COD,,,,,STD.CT.SDTM.20240329,2025-04-01,Draft,S2000073,COD,,,,Yes,2025-04-02,Draft,S980006,,,,
CL_COUNTRY_GSKS980006VD1,Country,S980006,text,79,GAB,,,,,STD.CT.SDTM.20240329,2025-04-01,Draft,S2000047,GAB,,,,Yes,2025-04-02,Draft,S980006,,,,
CL_COUNTRY_GSKS980006VD1,Country,S980006,text,44,CHN,,,,,STD.CT.SDTM.20240329,2025-04-01,Draft,S2000046,CHN,,,,Yes,2025-04-02,Draft,S980006,,,,
CL_COUNTRY_GSKS980006VD1,Country,S980006,text,75,FLK,,,,,STD.CT.SDTM.20240329,2025-04-01,Draft,S2000152,FLK,,,,Yes,2025-04-02,Draft,S980006,,,,
CL_COUNTRY_GSKS980006VD1,Country,S980006,text,45,CIV,,,,,STD.CT.SDTM.20240329,2025-04-01,Draft,S2000084,CIV,,,,Yes,2025-04-02,Draft,S980006,,,,
CL_COUNTRY_GSKS980006VD1,Country,S980006,text,106,IOT,,,,,STD.CT.SDTM.20240329,2025-04-01,Draft,S2000148,IOT,,,,Yes,2025-04-02,Draft,S980006,,,,
CL_COUNTRY_GSKS980006VD1,Country,S980006,text,26,BHS,,,,,STD.CT.SDTM.20240329,2025-04-01,Draft,S2000082,BHS,,,,Yes,2025-04-02,Draft,S980006,,,,
CL_COUNTRY_GSKS980006VD1,Country,S980006,text,76,FRA,,,,,STD.CT.SDTM.20240329,2025-04-01,Draft,S2000170,FRA,,,,Yes,2025-04-02,Draft,S980006,,,,
CL_COUNTRY_GSKS980006VD1,Country,S980006,text,43,CHL,,,,,STD.CT.SDTM.20240329,2025-04-01,Draft,S2000045,CHL,,,,Yes,2025-04-02,Draft,S980006,,,,
CL_COUNTRY_GSKS980006VD1,Country,S980006,text,107,IRL,,,,,STD.CT.SDTM.20240329,2025-04-01,Draft,S2000144,IRL,,,,Yes,2025-04-02,Draft,S980006,,,,
CL_COUNTRY_GSKS980006VD1,Country,S980006,text,29,BLR,,,,,STD.CT.SDTM.20240329,2025-04-01,Draft,S2000099,BLR,,,,Yes,2025-04-02,Draft,S980006,,,,
CL_COUNTRY_GSKS980006VD1,Country,S980006,text,77,FRO,,,,,STD.CT.SDTM.20240329,2025-04-01,Draft,S2000160,FRO,,,,Yes,2025-04-02,Draft,S980006,,,,
CL_COUNTRY_GSKS980006VD1,Country,S980006,text,28,BLM,,,,,STD.CT.SDTM.20240329,2025-04-01,Draft,S2000254,BLM,,,,Yes,2025-04-02,Draft,S980006,,,,
CL_COUNTRY_GSKS980006VD1,Country,S980006,text,49,COK,,,,,STD.CT.SDTM.20240329,2025-04-01,Draft,S2000074,COK,,,,Yes,2025-04-02,Draft,S980006,,,,
CL_COUNTRY_GSKS980006VD1,Country,S980006,text,48,COG,,,,,STD.CT.SDTM.20240329,2025-04-01,Draft,S2000066,COG,,,,Yes,2025-04-02,Draft,S980006,,,,
CL_COUNTRY_GSKS980006VD1,Country,S980006,text,108,IRN,,,,,STD.CT.SDTM.20240329,2025-04-01,Draft,S2000142,IRN,,,,Yes,2025-04-02,Draft,S980006,,,,
CL_COUNTRY_GSKS980006VD1,Country,S980006,text,78,FSM,,,,,STD.CT.SDTM.20240329,2025-04-01,Draft,S2000146,FSM,,,,Yes,2025-04-02,Draft,S980006,,,,
CL_COUNTRY_GSKS980006VD1,Country,S980006,text,46,CMR,,,,,STD.CT.SDTM.20240329,2025-04-01,Draft,S2000168,CMR,,,,Yes,2025-04-02,Draft,S980006,,,,
CL_COUNTRY_GSKS980006VD1,Country,S980006,text,74,FJI,,,,,STD.CT.SDTM.20240329,2025-04-01,Draft,S2000161,FJI,,,,Yes,2025-04-02,Draft,S980006,,,,
CL_COUNTRY_GSKS980006VD1,Country,S980006,text,80,GBR,,,,,STD.CT.SDTM.20240329,2025-04-01,Draft,S2000185,GBR,,,,Yes,2025-04-02,Draft,S980006,,,,
CL_COUNTRY_GSKS980006VD1,Country,S980006,text,81,GEO,,,,,STD.CT.SDTM.20240329,2025-04-01,Draft,S2000056,GEO,,,,Yes,2025-04-02,Draft,S980006,,,,
CL_COUNTRY_GSKS980006VD1,Country,S980006,text,35,BRN,,,,,STD.CT.SDTM.20240329,2025-04-01,Draft,S2000149,BRN,,,,Yes,2025-04-02,Draft,S980006,,,,
CL_COUNTRY_GSKS980006VD1,Country,S980006,text,37,BVT,,,,,STD.CT.SDTM.20240329,2025-04-01,Draft,S2000139,BVT,,,,Yes,2025-04-02,Draft,S980006,,,,
CL_COUNTRY_GSKS980006VD1,Country,S980006,text,34,BRB,,,,,STD.CT.SDTM.20240329,2025-04-01,Draft,S2000098,BRB,,,,Yes,2025-04-02,Draft,S980006,,,,
CL_COUNTRY_GSKS980006VD1,Country,S980006,text,33,BRA,,,,,STD.CT.SDTM.20240329,2025-04-01,Draft,S2000147,BRA,,,,Yes,2025-04-02,Draft,S980006,,,,
CL_COUNTRY_GSKS980006VD1,Country,S980006,text,32,BOL,,,,,STD.CT.SDTM.20240329,2025-04-01,Draft,S2000120,BOL,,,,Yes,2025-04-02,Draft,S980006,,,,
CL_COUNTRY_GSKS980006VD1,Country,S980006,text,30,BLZ,,,,,STD.CT.SDTM.20240329,2025-04-01,Draft,S2000110,BLZ,,,,Yes,2025-04-02,Draft,S980006,,,,
CL_COUNTRY_GSKS980006VD1,Country,S980006,text,38,BWA,,,,,STD.CT.SDTM.20240329,2025-04-01,Draft,S2000138,BWA,,,,Yes,2025-04-02,Draft,S980006,,,,
CL_COUNTRY_GSKS980006VD1,Country,S980006,text,84,GIB,,,,,STD.CT.SDTM.20240329,2025-04-01,Draft,S2000067,GIB,,,,Yes,2025-04-02,Draft,S980006,,,,
CL_COUNTRY_GSKS980006VD1,Country,S980006,text,85,GIN,,,,,STD.CT.SDTM.20240329,2025-04-01,Draft,S2000096,GIN,,,,Yes,2025-04-02,Draft,S980006,,,,
CL_COUNTRY_GSKS980006VD1,Country,S980006,text,39,CAF,,,,,STD.CT.SDTM.20240329,2025-04-01,Draft,S2000036,CAF,,,,Yes,2025-04-02,Draft,S980006,,,,
CL_COUNTRY_GSKS980006VD1,Country,S980006,text,88,GNB,,,,,STD.CT.SDTM.20240329,2025-04-01,Draft,S2000104,GNB,,,,Yes,2025-04-02,Draft,S980006,,,,
CL_COUNTRY_GSKS980006VD1,Country,S980006,text,83,GHA,,,,,STD.CT.SDTM.20240329,2025-04-01,Draft,S2000058,GHA,,,,Yes,2025-04-02,Draft,S980006,,,,
CL_COUNTRY_GSKS980006VD1,Country,S980006,text,40,CAN,,,,,STD.CT.SDTM.20240329,2025-04-01,Draft,S2000178,CAN,,,,Yes,2025-04-02,Draft,S980006,,,,
CL_COUNTRY_GSKS980006VD1,Country,S980006,text,87,GMB,,,,,STD.CT.SDTM.20240329,2025-04-01,Draft,S2000048,GMB,,,,Yes,2025-04-02,Draft,S980006,,,,
CL_COUNTRY_GSKS980006VD1,Country,S980006,text,82,GGY,,,,,STD.CT.SDTM.20240329,2025-04-01,Draft,S2000095,GGY,,,,Yes,2025-04-02,Draft,S980006,,,,
CL_COUNTRY_GSKS980006VD1,Country,S980006,text,41,CCK,,,,,STD.CT.SDTM.20240329,2025-04-01,Draft,S2000055,CCK,,,,Yes,2025-04-02,Draft,S980006,,,,
CL_COUNTRY_GSKS980006VD1,Country,S980006,text,42,CHE,,,,,STD.CT.SDTM.20240329,2025-04-01,Draft,S2000238,CHE,,,,Yes,2025-04-02,Draft,S980006,,,,
CL_COUNTRY_GSKS980006VD1,Country,S980006,text,31,BMU,,,,,STD.CT.SDTM.20240329,2025-04-01,Draft,S2000118,BMU,,,,Yes,2025-04-02,Draft,S980006,,,,
CL_COUNTRY_GSKS980006VD1,Country,S980006,text,27,BIH,,,,,STD.CT.SDTM.20240329,2025-04-01,Draft,S2000130,BIH,,,,Yes,2025-04-02,Draft,S980006,,,,
CL_ETHNIC_GSKC66790VD1,Ethnic Group,C66790,text,2,NOT HISPANIC OR LATINO,,,,,STD.CT.SDTM.20240329,2025-03-04,Draft,C41222,NOT HISPANIC OR LATINO,,"A person not of Cuban, Mexican, Puerto Rican, South or Central American, or
                            other Spanish culture or origin, regardless of race. An arbitrary ethnic classification.
                            (NCI)
                        ",Not Hispanic or Latino,No,2025-04-02,Draft,C66790,Ethnic Group,Ethnic Group,"A social group characterized by a distinctive social and cultural tradition
                        maintained from generation to generation, a common history and origin and a sense of
                        identification with the group; members of the group have distinctive features in their way of
                        life, shared experiences and often a common genetic heritage; these features may be reflected in
                        their experience of health and disease. (NCI)
                    ",NULL
CL_ETHNIC_GSKC66790VD1,Ethnic Group,C66790,text,4,UNKNOWN,,,,,STD.CT.SDTM.20240329,2024-09-29,Draft,C17998,UNKNOWN,U; UNK; Unknown,"Not known, not observed, not recorded, or refused. (NCI)",Unknown,No,2025-04-02,Draft,C66790,Ethnic Group,Ethnic Group,"A social group characterized by a distinctive social and cultural tradition
                        maintained from generation to generation, a common history and origin and a sense of
                        identification with the group; members of the group have distinctive features in their way of
                        life, shared experiences and often a common genetic heritage; these features may be reflected in
                        their experience of health and disease. (NCI)
                    ",NULL
CL_ETHNIC_GSKC66790VD1,Ethnic Group,C66790,text,3,NOT REPORTED,,,,,STD.CT.SDTM.20240329,2024-09-29,Draft,C43234,NOT REPORTED,Not reported,Not provided or available.,Not Reported,No,2025-04-02,Draft,C66790,Ethnic Group,Ethnic Group,"A social group characterized by a distinctive social and cultural tradition
                        maintained from generation to generation, a common history and origin and a sense of
                        identification with the group; members of the group have distinctive features in their way of
                        life, shared experiences and often a common genetic heritage; these features may be reflected in
                        their experience of health and disease. (NCI)
                    ",NULL
CL_ETHNIC_GSKC66790VD1,Ethnic Group,C66790,text,1,HISPANIC OR LATINO,,,,,STD.CT.SDTM.20240329,2025-03-04,Draft,C17459,HISPANIC OR LATINO,,"A person of Mexican, Puerto Rican, Cuban, Central or South American or other
                            Spanish culture or origin, regardless of race. (NCI)
                        ",Hispanic or Latino,No,2025-04-02,Draft,C66790,Ethnic Group,Ethnic Group,"A social group characterized by a distinctive social and cultural tradition
                        maintained from generation to generation, a common history and origin and a sense of
                        identification with the group; members of the group have distinctive features in their way of
                        life, shared experiences and often a common genetic heritage; these features may be reflected in
                        their experience of health and disease. (NCI)
                    ",NULL
CL_RACE_GSKC74457VD1,Race,C74457,text,2,ASIAN,,,,,STD.CT.SDTM.20240329,2024-09-29,Draft,C41260,ASIAN,,"A person having origins in any of the original peoples of the Far East,
                            Southeast Asia, or the Indian subcontinent including, for example, Cambodia, China, India,
                            Japan, Korea, Malaysia, Pakistan, the Philippine Islands, Thailand, and Vietnam. (FDA)
                        ",Asian,No,2025-04-02,Draft,C74457,Race,Race,"Terminology codelist used to identify the race of an individual within the Clinical
                        Data Interchange Standards Consortium Study Data Tabulation Model.
                    ",NULL
CL_RACE_GSKC74457VD1,Race,C74457,text,8,WHITE,,,,,STD.CT.SDTM.20240329,2024-09-29,Draft,C41261,WHITE,,"Denotes a person with European, Middle Eastern, or North African ancestral
                            origin who identifies, or is identified, as White. (FDA)
                        ",White,No,2025-04-02,Draft,C74457,Race,Race,"Terminology codelist used to identify the race of an individual within the Clinical
                        Data Interchange Standards Consortium Study Data Tabulation Model.
                    ",NULL
CL_RACE_GSKC74457VD1,Race,C74457,text,7,UNKNOWN,,,,,STD.CT.SDTM.20240329,2024-09-29,Draft,C17998,UNKNOWN,U; UNK; Unknown,"Not known, not observed, not recorded, or refused. (NCI)",Unknown,No,2025-04-02,Draft,C74457,Race,Race,"Terminology codelist used to identify the race of an individual within the Clinical
                        Data Interchange Standards Consortium Study Data Tabulation Model.
                    ",NULL
CL_RACE_GSKC74457VD1,Race,C74457,text,6,OTHER,,,,,STD.CT.SDTM.20240329,2024-09-29,Draft,C17649,OTHER,Other,"Different than the one(s) previously specified or mentioned. (NCI)
                        ",Other,No,2025-04-02,Draft,C74457,Race,Race,"Terminology codelist used to identify the race of an individual within the Clinical
                        Data Interchange Standards Consortium Study Data Tabulation Model.
                    ",NULL
CL_RACE_GSKC74457VD1,Race,C74457,text,5,NOT REPORTED,,,,,STD.CT.SDTM.20240329,2024-09-29,Draft,C43234,NOT REPORTED,Not reported,Not provided or available.,Not Reported,No,2025-04-02,Draft,C74457,Race,Race,"Terminology codelist used to identify the race of an individual within the Clinical
                        Data Interchange Standards Consortium Study Data Tabulation Model.
                    ",NULL
CL_RACE_GSKC74457VD1,Race,C74457,text,3,BLACK OR AFRICAN AMERICAN,,,,,STD.CT.SDTM.20240329,2024-09-29,Draft,C16352,BLACK OR AFRICAN AMERICAN,,"A person having origins in any of the black racial groups of Africa. Terms such
                            as ""Haitian"" or ""Negro"" can be used in addition to ""Black or African American."" (FDA)
                        ",Black or African American,No,2025-04-02,Draft,C74457,Race,Race,"Terminology codelist used to identify the race of an individual within the Clinical
                        Data Interchange Standards Consortium Study Data Tabulation Model.
                    ",NULL
CL_RACE_GSKC74457VD1,Race,C74457,text,1,AMERICAN INDIAN OR ALASKA NATIVE,,,,,STD.CT.SDTM.20240329,2024-09-29,Draft,C41259,AMERICAN INDIAN OR ALASKA NATIVE,,"A person having origins in any of the original peoples of North and South
                            America (including Central America), and who maintains tribal affiliation or community
                            attachment. (FDA)
                        ",American Indian or Alaska Native,No,2025-04-02,Draft,C74457,Race,Race,"Terminology codelist used to identify the race of an individual within the Clinical
                        Data Interchange Standards Consortium Study Data Tabulation Model.
                    ",NULL
CL_RACE_GSKC74457VD1,Race,C74457,text,4,NATIVE HAWAIIAN OR OTHER PACIFIC ISLANDER,,,,,STD.CT.SDTM.20240329,2024-09-29,Draft,C41219,NATIVE HAWAIIAN OR OTHER PACIFIC ISLANDER,,"Denotes a person having origins in any of the original peoples of Hawaii, Guam,
                            Samoa, or other Pacific Islands. The term covers particularly people who identify themselves
                            as part-Hawaiian, Native Hawaiian, Guamanian or Chamorro, Carolinian, Samoan, Chuu. (FDA)
                        ",Native Hawaiian or Other Pacific Islander,No,2025-04-02,Draft,C74457,Race,Race,"Terminology codelist used to identify the race of an individual within the Clinical
                        Data Interchange Standards Consortium Study Data Tabulation Model.
                    ",NULL
CL_AGEGR2C_S4040020VD1,Pooled Age Group FDA ,S4040020,text,,>=65 years,,,,,STD.CT.SDTM.20240329,2025-04-27,Draft,S30300307,>=65 years,,,,Yes,2025-04-27,Draft,S4040020,,,,
CL_AGEGR2C_S4040020VD1,Pooled Age Group FDA ,S4040020,text,,Between 18 and 65 years,,,,,STD.CT.SDTM.20240329,2025-04-27,Draft,S30300306,Between 18 and 65 years,,,,Yes,2025-04-27,Draft,S4040020,,,,
CL_AGEGR2C_S4040020VD1,Pooled Age Group FDA ,S4040020,text,,<=18 years,,,,,STD.CT.SDTM.20240329,2025-04-27,Draft,S30300305,<=18 years,,,,Yes,2025-04-27,Draft,S4040020,,,,
CL_AGEGR1C_S4040018VD1,Pooled Age Group EudraCT ,S4040018,text,,>=18-64 years,,,,,STD.CT.SDTM.20240329,2025-04-27,Draft,S30300302,>=18-64 years     ,,,,Yes,2025-04-27,Draft,S4040018,,,,
CL_AGEGR1C_S4040018VD1,Pooled Age Group EudraCT ,S4040018,text,,>=65-84 years,,,,,STD.CT.SDTM.20240329,2025-04-27,Draft,S30300303,>=65-84 years       ,,,,Yes,2025-04-27,Draft,S4040018,,,,
CL_AGEGR1C_S4040018VD1,Pooled Age Group EudraCT ,S4040018,text,,>=85 years,,,,,STD.CT.SDTM.20240329,2025-04-27,Draft,S30300304,>=85 years      ,,,,Yes,2025-04-27,Draft,S4040018,,,,
CL_AGEGR1C_S4040018VD1,Pooled Age Group EudraCT ,S4040018,text,,Adolescents (12-17 years),,,,,STD.CT.SDTM.20240329,2025-04-27,Draft,S30300301,Adolescents (12-17 years),,,,Yes,2025-04-27,Draft,S4040018,,,,
CL_AGEGR1C_S4040018VD1,Pooled Age Group EudraCT ,S4040018,text,,Children (2-11 years),,,,,STD.CT.SDTM.20240329,2025-04-27,Draft,S30300300,Children (2-11 years),,,,Yes,2025-04-27,Draft,S4040018,,,,
CL_AGEGR1C_S4040018VD1,Pooled Age Group EudraCT ,S4040018,text,,In Utero,,,,,STD.CT.SDTM.20240329,2025-04-27,Draft,S30300296,In Utero               ,,,,Yes,2025-04-27,Draft,S4040018,,,,
CL_AGEGR1C_S4040018VD1,Pooled Age Group EudraCT ,S4040018,text,,Infants and toddlers (28 days-23 months),,,,,STD.CT.SDTM.20240329,2025-04-27,Draft,S30300299,Infants and toddlers (28 days-23 months),,,,Yes,2025-04-27,Draft,S4040018,,,,
CL_AGEGR1C_S4040018VD1,Pooled Age Group EudraCT ,S4040018,text,,Newborns (0-27 days),,,,,STD.CT.SDTM.20240329,2025-04-27,Draft,S30300298,Newborns (0-27 days),,,,Yes,2025-04-27,Draft,S4040018,,,,
CL_AGEGR1C_S4040018VD1,Pooled Age Group EudraCT ,S4040018,text,,Preterm newborn infants (gestational age <37 weeks),,,,,STD.CT.SDTM.20240329,2025-04-27,Draft,S30300297,Preterm newborn infants (gestational age <37 weeks),,,,Yes,2025-04-27,Draft,S4040018,,,,
CL_AESEV_GSKC66769VD1,Severity/Intensity Scale for Adverse Events,C66769,text,3,SEVERE,,,,,STD.CT.SDTM.20240329,2024-09-29,Draft,C41340,SEVERE,3; Grade 3,"A type of adverse event that interrupts usual activities of daily living, or
                            significantly affects clinical status, or may require intensive therapeutic intervention.
                        ",Severe Adverse Event,No,2025-04-02,Draft,C66769,Severity/Intensity Scale for Adverse Events,Severity/Intensity Scale for Adverse Events,"A scale that defines the degree or state of disease existing in a patient as a
                        result of the occurrence of an adverse event. (NCI)
                    ",NULL
CL_AESEV_GSKC66769VD1,Severity/Intensity Scale for Adverse Events,C66769,text,1,MILD,,,,,STD.CT.SDTM.20240329,2024-09-29,Draft,C41338,MILD,1; Grade 1,"A type of adverse event that is usually transient and may require only minimal
                            treatment or therapeutic intervention. The event does not generally interfere with usual
                            activities of daily living.
                        ",Mild Adverse Event,No,2025-04-02,Draft,C66769,Severity/Intensity Scale for Adverse Events,Severity/Intensity Scale for Adverse Events,"A scale that defines the degree or state of disease existing in a patient as a
                        result of the occurrence of an adverse event. (NCI)
                    ",NULL
CL_AESEV_GSKC66769VD1,Severity/Intensity Scale for Adverse Events,C66769,text,2,MODERATE,,,,,STD.CT.SDTM.20240329,2024-09-29,Draft,C41339,MODERATE,2; Grade 2,"A type of adverse event that is usually alleviated with additional specific
                            therapeutic intervention. The event interferes with usual activities of daily living,
                            causing discomfort but poses no significant or permanent risk of harm to the research
                            participant.
                        ",Moderate Adverse Event,No,2025-04-02,Draft,C66769,Severity/Intensity Scale for Adverse Events,Severity/Intensity Scale for Adverse Events,"A scale that defines the degree or state of disease existing in a patient as a
                        result of the occurrence of an adverse event. (NCI)
                    ",NULL
CL_ACN_GSKC66767VD1,Action Taken with Study Treatment,C66767,text,5,DRUG INTERRUPTED,,,,,STD.CT.SDTM.20240329,2024-09-29,Draft,C49501,DRUG INTERRUPTED,,"An indication that a medication schedule was modified by temporarily terminating
                            a prescribed regimen of medication. (NCI)
                        ",Drug Interrupted,No,2025-04-02,Draft,C66767,Action Taken with Study Treatment,Action Taken with Study Treatment,"Terminology specifying changes to the study treatment as a result of an adverse
                        event.
                    ",NULL
CL_ACN_GSKC66767VD1,Action Taken with Study Treatment,C66767,text,3,DOSE RATE REDUCED,,,,,STD.CT.SDTM.20240329,2024-09-29,Draft,C150826,DOSE RATE REDUCED,,"An indication that the administration of a medication was modified by reducing
                            the rate at which the dose was given, without reducing the total dose administered.
                        ",Dose Rate Reduced,No,2025-04-02,Draft,C66767,Action Taken with Study Treatment,Action Taken with Study Treatment,"Terminology specifying changes to the study treatment as a result of an adverse
                        event.
                    ",NULL
CL_ACN_GSKC66767VD1,Action Taken with Study Treatment,C66767,text,2,DOSE NOT CHANGED,,,,,STD.CT.SDTM.20240329,2024-09-29,Draft,C49504,DOSE NOT CHANGED,,An indication that a medication schedule was maintained. (NCI),Dose Not Changed,No,2025-04-02,Draft,C66767,Action Taken with Study Treatment,Action Taken with Study Treatment,"Terminology specifying changes to the study treatment as a result of an adverse
                        event.
                    ",NULL
CL_ACN_GSKC66767VD1,Action Taken with Study Treatment,C66767,text,6,DRUG WITHDRAWN,,,,,STD.CT.SDTM.20240329,2024-09-29,Draft,C49502,DRUG WITHDRAWN,,"An indication that a medication schedule was modified through termination of a
                            prescribed regimen of medication. (NCI)
                        ",Drug Withdrawn,No,2025-04-02,Draft,C66767,Action Taken with Study Treatment,Action Taken with Study Treatment,"Terminology specifying changes to the study treatment as a result of an adverse
                        event.
                    ",NULL
CL_ACN_GSKC66767VD1,Action Taken with Study Treatment,C66767,text,1,DOSE INCREASED,,,,,STD.CT.SDTM.20240329,2024-09-29,Draft,C49503,DOSE INCREASED,,"An indication that a medication schedule was modified by addition; either by
                            changing the frequency, strength or amount. (NCI)
                        ",Dose Increased,No,2025-04-02,Draft,C66767,Action Taken with Study Treatment,Action Taken with Study Treatment,"Terminology specifying changes to the study treatment as a result of an adverse
                        event.
                    ",NULL
CL_ACN_GSKC66767VD1,Action Taken with Study Treatment,C66767,text,7,NOT APPLICABLE,,,,,STD.CT.SDTM.20240329,2024-09-29,Draft,C48660,NOT APPLICABLE,NA; Not Applicable,"Determination of a value is not relevant in the current context. (NCI)
                        ",Not Applicable,No,2025-04-02,Draft,C66767,Action Taken with Study Treatment,Action Taken with Study Treatment,"Terminology specifying changes to the study treatment as a result of an adverse
                        event.
                    ",NULL
CL_ACN_GSKC66767VD1,Action Taken with Study Treatment,C66767,text,4,DOSE REDUCED,,,,,STD.CT.SDTM.20240329,2024-09-29,Draft,C49505,DOSE REDUCED,,"An indication that a medication schedule was modified by subtraction, either by
                            changing the frequency, strength or amount. (NCI)
                        ",Dose Reduced,No,2025-04-02,Draft,C66767,Action Taken with Study Treatment,Action Taken with Study Treatment,"Terminology specifying changes to the study treatment as a result of an adverse
                        event.
                    ",NULL
CL_ACN_GSKC66767VD1,Action Taken with Study Treatment,C66767,text,8,UNKNOWN,,,,,STD.CT.SDTM.20240329,2024-09-29,Draft,C17998,UNKNOWN,U; UNK; Unknown,"Not known, not observed, not recorded, or refused. (NCI)",Unknown,No,2025-04-02,Draft,C66767,Action Taken with Study Treatment,Action Taken with Study Treatment,"Terminology specifying changes to the study treatment as a result of an adverse
                        event.
                    ",NULL
CL_ADAE_AETOXGRN_S4040024VD1,Standard Toxicity Grade (N),S4040024,text,,0,,,,,STD.CT.SDTM.20240329,2025-04-27,Draft,S30300308,0,,,,Yes,2025-04-27,Draft,S4040024,,,,
CL_ADAE_AEOUTN_S4040021VD1,Outcome of Adverse Event (N),S4040021,text,,1,,,,,STD.CT.SDTM.20240329,2025-04-27,Draft,S3030018,1,,,,Yes,2025-04-27,Draft,S4040021,,,,
CL_ADAE_AEOUTN_S4040021VD1,Outcome of Adverse Event (N),S4040021,text,,2,,,,,STD.CT.SDTM.20240329,2025-04-27,Draft,S3030019,2,,,,Yes,2025-04-27,Draft,S4040021,,,,
CL_ADAE_AEOUTN_S4040021VD1,Outcome of Adverse Event (N),S4040021,text,,3,,,,,STD.CT.SDTM.20240329,2025-04-27,Draft,S3030020,3,,,,Yes,2025-04-27,Draft,S4040021,,,,
CL_ADAE_AEOUTN_S4040021VD1,Outcome of Adverse Event (N),S4040021,text,,4,,,,,STD.CT.SDTM.20240329,2025-04-27,Draft,S3030021,4,,,,Yes,2025-04-27,Draft,S4040021,,,,
CL_ADAE_AEOUTN_S4040021VD1,Outcome of Adverse Event (N),S4040021,text,,5,,,,,STD.CT.SDTM.20240329,2025-04-27,Draft,S3030022,5,,,,Yes,2025-04-27,Draft,S4040021,,,,
CL_ADAE_AEOUTN_S4040021VD1,Outcome of Adverse Event (N),S4040021,text,,6,,,,,STD.CT.SDTM.20240329,2025-04-27,Draft,S3030023,6,,,,Yes,2025-04-27,Draft,S4040021,,,,
